file,family,L,w,Ly,spins,ordering,stage,chi,E,S,last_sweep_dE,max_truncation_last_sweep,refinement_dS
results/armchair_L4_w1_chi128.json,armchair,4,1,3.0,38,axial,0,32,-15.240295923900852,1.3048735828691842,,,
results/armchair_L4_w1_chi128.json,armchair,4,1,3.0,38,axial,1,64,-15.31928269131543,1.8443448796300934,,,
results/armchair_L4_w1_chi128.json,armchair,4,1,3.0,38,axial,2,128,-15.342670682177308,2.1695081090897848,,,
results/armchair_L4_w2_chi128.json,armchair,4,2,6.0,76,axial,0,32,-27.94013831425871,1.8767884729635664,,,
results/armchair_L4_w2_chi128.json,armchair,4,2,6.0,76,axial,1,64,-29.075739774300583,2.0801672179768183,,,
results/armchair_L4_w2_chi128.json,armchair,4,2,6.0,76,axial,2,128,-29.720365044892823,2.21054458734999,,,
results/armchair_L4_w3_chi128.json,armchair,4,3,9.0,114,axial,0,32,-39.37660640049905,1.9876433847884116,,,
results/armchair_L4_w3_chi128.json,armchair,4,3,9.0,114,axial,1,64,-41.06544298813866,2.2784962291334088,,,
results/armchair_L4_w3_chi128.json,armchair,4,3,9.0,114,axial,2,128,-42.376191001134906,2.5323761681751793,,,
results/zigzag_L10_w1_chi512.json,zigzag,10,1,1.7320508075688772,91,axial,0,32,-36.97426156484173,0.8742095632498672,-0.0009840760785024827,0.0008931714967744275,
results/zigzag_L10_w1_chi512.json,zigzag,10,1,1.7320508075688772,91,axial,1,64,-37.01216008685288,0.9908229966051713,-1.1246120209307264e-05,0.0001798052825695913,
results/zigzag_L10_w1_chi512.json,zigzag,10,1,1.7320508075688772,91,axial,2,128,-37.01982881497037,1.047624960326012,-2.3748246519517124e-05,5.960840487398869e-06,
results/zigzag_L4_w1_chi128.json,zigzag,4,1,1.7320508075688772,37,axial,0,32,-14.99642149011812,0.7856438470124213,,,
results/zigzag_L4_w1_chi128.json,zigzag,4,1,1.7320508075688772,37,axial,1,64,-15.009419245595371,0.842098354147586,,,
results/zigzag_L4_w1_chi128.json,zigzag,4,1,1.7320508075688772,37,axial,2,128,-15.00988305319582,0.8506911145475792,,,
results/zigzag_L4_w2_chi128.json,zigzag,4,2,3.4641016151377544,74,axial,0,32,-27.957184173859083,1.4029536142923769,,,
results/zigzag_L4_w2_chi128.json,zigzag,4,2,3.4641016151377544,74,axial,1,64,-29.01274850141593,1.4093268749984116,,,
results/zigzag_L4_w2_chi128.json,zigzag,4,2,3.4641016151377544,74,axial,2,128,-29.54719361847984,1.4527725321636842,,,
results/zigzag_L4_w3_chi128.json,zigzag,4,3,5.196152422706632,111,axial,0,32,-39.58788443642939,1.68970399269471,,,
results/zigzag_L4_w3_chi128.json,zigzag,4,3,5.196152422706632,111,axial,1,64,-40.94651948934326,1.7140433026126993,,,
results/zigzag_L4_w3_chi128.json,zigzag,4,3,5.196152422706632,111,axial,2,128,-42.06902051588944,1.807571554103794,,,
results/zigzag_L6_w1_chi256.json,zigzag,6,1,1.7320508075688772,55,axial,0,32,-22.34307109518334,0.9333944727652235,-0.0002423135280373856,0.0007369735869572911,
results/zigzag_L6_w1_chi256.json,zigzag,6,1,1.7320508075688772,55,axial,1,64,-22.364896666612267,1.0090980659168094,-7.424907810360537e-06,0.0001338291899027517,
results/zigzag_L6_w1_chi256.json,zigzag,6,1,1.7320508075688772,55,axial,2,128,-22.373420538245128,1.0213137082776833,-0.004236560046606996,9.21175453454189e-06,
results/zigzag_L6_w1_chi256.json,zigzag,6,1,1.7320508075688772,55,axial,3,256,-22.374969277805274,1.0308470320542964,-2.36777708551017e-08,5.072044670711547e-07,
results/zigzag_L6_w1_chi256.json,zigzag,6,1,1.7320508075688772,55,axial,4,256,-22.374969269818568,1.0308985070604002,-2.3928521386551438e-09,5.197695866343733e-07,5.1475006103807175e-05
results/zigzag_L6_w2_chi256.json,zigzag,6,2,3.4641016151377544,110,axial,0,32,-41.547118919162436,1.3643678050709258,-0.010423357156348345,0.022694544689020518,
results/zigzag_L6_w2_chi256.json,zigzag,6,2,3.4641016151377544,110,axial,1,64,-43.0584310533857,1.4324697168759273,-0.00604172461195418,0.003184883499392088,
results/zigzag_L6_w2_chi256.json,zigzag,6,2,3.4641016151377544,110,axial,2,128,-43.864175671029955,1.4845826581674757,-0.003205930727645523,0.0017059261467779149,
