method,geometry,nup,spins,filling,energy,energy_per_site,residual,cap,source,record_path,number_evidence,branch,maximum_truncation_error,last_sweep_energy_change
ED,single_star,0,6,0.0,0.0,0.0,0.0,,results/benchmark_number_sectors.json,single_star.points[N=0],explicit fixed sector,ED,,
ED,single_star,1,6,0.16666666666666666,-1.0000000000000002,-0.1666666666666667,1.127031031769752e-15,,results/benchmark_number_sectors.json,single_star.points[N=1],explicit fixed sector,ED,,
ED,single_star,2,6,0.3333333333333333,-1.776147667954232,-0.29602461132570534,2.064367583911598e-15,,results/benchmark_number_sectors.json,single_star.points[N=2],explicit fixed sector,ED,,
ED,single_star,3,6,0.5,-2.4030921275401838,-0.4005153545900306,4.023864515047435e-15,,results/benchmark_number_sectors.json,single_star.points[N=3],explicit fixed sector,ED,,
ED,single_star,4,6,0.6666666666666666,-1.7761476679542327,-0.29602461132570546,2.308371441232008e-15,,results/benchmark_number_sectors.json,single_star.points[N=4],explicit fixed sector,ED,,
ED,single_star,5,6,0.8333333333333334,-1.0000000000000002,-0.1666666666666667,4.618015051452616e-16,,results/benchmark_number_sectors.json,single_star.points[N=5],explicit fixed sector,ED,,
ED,single_star,6,6,1.0,0.0,0.0,0.0,,results/benchmark_number_sectors.json,single_star.points[N=6],explicit fixed sector,ED,,
ED,shared_edge_pair,0,11,0.0,0.0,0.0,0.0,,results/benchmark_number_sectors.json,shared_edge_pair.points[N=0],explicit fixed sector,ED,,
ED,shared_edge_pair,1,11,0.09090909090909091,-1.4142135623730963,-0.12856486930664512,1.2307900716551278e-15,,results/benchmark_number_sectors.json,shared_edge_pair.points[N=1],explicit fixed sector,ED,,
ED,shared_edge_pair,2,11,0.18181818181818182,-2.2546171856581676,-0.20496519869619706,6.453166694585494e-13,,results/benchmark_number_sectors.json,shared_edge_pair.points[N=2],explicit fixed sector,ED,,
ED,shared_edge_pair,3,11,0.2727272727272727,-3.0738620276272095,-0.2794420025115645,1.8270245865972257e-11,,results/benchmark_number_sectors.json,shared_edge_pair.points[N=3],explicit fixed sector,ED,,
ED,shared_edge_pair,4,11,0.36363636363636365,-3.7398218767655713,-0.3399838069786883,5.252445386119217e-15,,results/benchmark_number_sectors.json,shared_edge_pair.points[N=4],explicit fixed sector,ED,,
ED,shared_edge_pair,5,11,0.45454545454545453,-4.3967655435136574,-0.3997059585012416,4.320651243981827e-11,,results/benchmark_number_sectors.json,shared_edge_pair.points[N=5],explicit fixed sector,ED,,
ED,shared_edge_pair,6,11,0.5454545454545454,-4.396765543513645,-0.39970595850124047,2.2558754792270113e-11,,results/benchmark_number_sectors.json,shared_edge_pair.points[N=6],explicit fixed sector,ED,,
ED,shared_edge_pair,7,11,0.6363636363636364,-3.739821876765573,-0.33998380697868846,2.9234823027613815e-15,,results/benchmark_number_sectors.json,shared_edge_pair.points[N=7],explicit fixed sector,ED,,
ED,shared_edge_pair,8,11,0.7272727272727273,-3.073862027627218,-0.27944200251156526,5.761254288661199e-12,,results/benchmark_number_sectors.json,shared_edge_pair.points[N=8],explicit fixed sector,ED,,
ED,shared_edge_pair,9,11,0.8181818181818182,-2.254617185658166,-0.2049651986961969,1.770706482264063e-14,,results/benchmark_number_sectors.json,shared_edge_pair.points[N=9],explicit fixed sector,ED,,
ED,shared_edge_pair,10,11,0.9090909090909091,-1.4142135623730951,-0.128564869306645,1.0755222817048824e-15,,results/benchmark_number_sectors.json,shared_edge_pair.points[N=10],explicit fixed sector,ED,,
ED,shared_edge_pair,11,11,1.0,0.0,0.0,0.0,,results/benchmark_number_sectors.json,shared_edge_pair.points[N=11],explicit fixed sector,ED,,
ED,four_star_torus,0,18,0.0,0.0,0.0,0.0,,results/benchmark_number_sectors.json,four_star_torus.points[N=0],explicit fixed sector,ED,,
ED,four_star_torus,1,18,0.05555555555555555,-1.4142135623730954,-0.07856742013183864,4.956911624498787e-16,,results/benchmark_number_sectors.json,four_star_torus.points[N=1],explicit fixed sector,ED,,
ED,four_star_torus,2,18,0.1111111111111111,-2.82842712474619,-0.15713484026367722,3.34863540658128e-12,,results/benchmark_number_sectors.json,four_star_torus.points[N=2],explicit fixed sector,ED,,
ED,four_star_torus,3,18,0.16666666666666666,-4.052373244092016,-0.2251318468940009,1.5406664304819582e-14,,results/benchmark_number_sectors.json,four_star_torus.points[N=3],explicit fixed sector,ED,,
ED,four_star_torus,4,18,0.2222222222222222,-5.235000483259791,-0.2908333601810995,1.533596154445249e-13,,results/benchmark_number_sectors.json,four_star_torus.points[N=4],explicit fixed sector,ED,,
ED,four_star_torus,5,18,0.2777777777777778,-6.294411564814186,-0.3496895313785659,1.5998907097445523e-11,,results/benchmark_number_sectors.json,four_star_torus.points[N=5],explicit fixed sector,ED,,
ED,four_star_torus,6,18,0.3333333333333333,-7.292627573041381,-0.4051459762800767,4.6294765414825274e-11,,results/benchmark_number_sectors.json,four_star_torus.points[N=6],explicit fixed sector,ED,,
ED,four_star_torus,7,18,0.3888888888888889,-7.3150203047358024,-0.4063900169297668,3.026041847443114e-13,,results/benchmark_number_sectors.json,four_star_torus.points[N=7],explicit fixed sector,ED,,
ED,four_star_torus,8,18,0.4444444444444444,-7.355873138044416,-0.4086596187802453,1.9962690570310294e-11,,results/benchmark_number_sectors.json,four_star_torus.points[N=8],explicit fixed sector,ED,,
ED,four_star_torus,9,18,0.5,-7.364534839425783,-0.4091408244125435,6.865400804384814e-12,,results/benchmark_number_sectors.json,four_star_torus.points[N=9],explicit fixed sector,ED,,
ED,four_star_torus,10,18,0.5555555555555556,-7.3558731380443865,-0.4086596187802437,3.584417844405337e-11,,results/benchmark_number_sectors.json,four_star_torus.points[N=10],explicit fixed sector,ED,,
ED,four_star_torus,11,18,0.6111111111111112,-7.315020304735796,-0.40639001692976645,3.2254163340073865e-13,,results/benchmark_number_sectors.json,four_star_torus.points[N=11],explicit fixed sector,ED,,
ED,four_star_torus,12,18,0.6666666666666666,-7.292627573041363,-0.40514597628007576,2.8524896662053198e-11,,results/benchmark_number_sectors.json,four_star_torus.points[N=12],explicit fixed sector,ED,,
ED,four_star_torus,13,18,0.7222222222222222,-6.294411564814205,-0.34968953137856695,6.239426355339344e-12,,results/benchmark_number_sectors.json,four_star_torus.points[N=13],explicit fixed sector,ED,,
ED,four_star_torus,14,18,0.7777777777777778,-5.2350004832597765,-0.2908333601810987,1.3168873996054104e-13,,results/benchmark_number_sectors.json,four_star_torus.points[N=14],explicit fixed sector,ED,,
ED,four_star_torus,15,18,0.8333333333333334,-4.0523732440920215,-0.2251318468940012,1.456172753216535e-14,,results/benchmark_number_sectors.json,four_star_torus.points[N=15],explicit fixed sector,ED,,
ED,four_star_torus,16,18,0.8888888888888888,-2.828427124746199,-0.15713484026367774,4.235800255367585e-12,,results/benchmark_number_sectors.json,four_star_torus.points[N=16],explicit fixed sector,ED,,
ED,four_star_torus,17,18,0.9444444444444444,-1.4142135623730965,-0.07856742013183869,1.824111020927514e-15,,results/benchmark_number_sectors.json,four_star_torus.points[N=17],explicit fixed sector,ED,,
ED,four_star_torus,18,18,1.0,0.0,0.0,0.0,,results/benchmark_number_sectors.json,four_star_torus.points[N=18],explicit fixed sector,ED,,
ED,zigzag_L2_w1,0,19,0.0,0.0,0.0,0.0,,results/small_cylinder_number_sectors.json,zigzag_L2_w1.points[N=0],explicit fixed sector,ED,,
ED,zigzag_L2_w1,1,19,0.05263157894736842,-1.4142135623730963,-0.07443229275647875,1.4500196620111574e-15,,results/small_cylinder_number_sectors.json,zigzag_L2_w1.points[N=1],explicit fixed sector,ED,,
ED,zigzag_L2_w1,2,19,0.10526315789473684,-2.8284271247461894,-0.14886458551295734,1.1571194862134573e-14,,results/small_cylinder_number_sectors.json,zigzag_L2_w1.points[N=2],explicit fixed sector,ED,,
ED,zigzag_L2_w1,3,19,0.15789473684210525,-4.045350403863762,-0.2129131791507243,2.7581344383298078e-12,,results/small_cylinder_number_sectors.json,zigzag_L2_w1.points[N=3],explicit fixed sector,ED,,
ED,zigzag_L2_w1,4,19,0.21052631578947367,-5.23056249488975,-0.2752927628889342,7.968710689113225e-12,,results/small_cylinder_number_sectors.json,zigzag_L2_w1.points[N=4],explicit fixed sector,ED,,
ED,zigzag_L2_w1,5,19,0.2631578947368421,-6.271258280259313,-0.33006622527680596,1.187224972272619e-11,,results/small_cylinder_number_sectors.json,zigzag_L2_w1.points[N=5],explicit fixed sector,ED,,
ED,zigzag_L2_w1,6,19,0.3157894736842105,-6.96827805916839,-0.3667514767983363,2.3693276493934064e-13,,results/small_cylinder_number_sectors.json,zigzag_L2_w1.points[N=6],explicit fixed sector,ED,,
ED,zigzag_L2_w1,7,19,0.3684210526315789,-7.663589809172084,-0.40334683206168864,1.0498614062054536e-13,,results/small_cylinder_number_sectors.json,zigzag_L2_w1.points[N=7],explicit fixed sector,ED,,
ED,zigzag_L2_w1,8,19,0.42105263157894735,-7.66845601810899,-0.40360294832152577,1.91917376827008e-11,,results/small_cylinder_number_sectors.json,zigzag_L2_w1.points[N=8],explicit fixed sector,ED,,
ED,zigzag_L2_w1,9,19,0.47368421052631576,-7.696107978815029,-0.4050583146744752,6.189282619731023e-11,,results/small_cylinder_number_sectors.json,zigzag_L2_w1.points[N=9],explicit fixed sector,ED,,
ED,zigzag_L2_w1,10,19,0.5263157894736842,-7.696107978815068,-0.4050583146744772,5.3122297029105236e-11,,results/small_cylinder_number_sectors.json,zigzag_L2_w1.points[N=10],explicit fixed sector,ED,,
ED,zigzag_L2_w1,11,19,0.5789473684210527,-7.668456018108966,-0.4036029483215245,5.1027961994390646e-11,,results/small_cylinder_number_sectors.json,zigzag_L2_w1.points[N=11],explicit fixed sector,ED,,
ED,zigzag_L2_w1,12,19,0.631578947368421,-7.663589809172062,-0.4033468320616875,2.286411085212962e-13,,results/small_cylinder_number_sectors.json,zigzag_L2_w1.points[N=12],explicit fixed sector,ED,,
ED,zigzag_L2_w1,13,19,0.6842105263157895,-6.96827805916839,-0.3667514767983363,1.7555112160505495e-12,,results/small_cylinder_number_sectors.json,zigzag_L2_w1.points[N=13],explicit fixed sector,ED,,
ED,zigzag_L2_w1,14,19,0.7368421052631579,-6.271258280259284,-0.3300662252768044,1.188158071998915e-11,,results/small_cylinder_number_sectors.json,zigzag_L2_w1.points[N=14],explicit fixed sector,ED,,
ED,zigzag_L2_w1,15,19,0.7894736842105263,-5.230562494889724,-0.27529276288893284,7.84950359477049e-12,,results/small_cylinder_number_sectors.json,zigzag_L2_w1.points[N=15],explicit fixed sector,ED,,
ED,zigzag_L2_w1,16,19,0.8421052631578947,-4.04535040386374,-0.21291317915072314,1.7221536783401353e-12,,results/small_cylinder_number_sectors.json,zigzag_L2_w1.points[N=16],explicit fixed sector,ED,,
ED,zigzag_L2_w1,17,19,0.8947368421052632,-2.8284271247461947,-0.14886458551295761,4.0551004547610716e-14,,results/small_cylinder_number_sectors.json,zigzag_L2_w1.points[N=17],explicit fixed sector,ED,,
ED,zigzag_L2_w1,18,19,0.9473684210526315,-1.4142135623730971,-0.0744322927564788,2.1332850265159218e-15,,results/small_cylinder_number_sectors.json,zigzag_L2_w1.points[N=18],explicit fixed sector,ED,,
ED,zigzag_L2_w1,19,19,1.0,0.0,0.0,0.0,,results/small_cylinder_number_sectors.json,zigzag_L2_w1.points[N=19],explicit fixed sector,ED,,
ED,armchair_L2_w1,0,20,0.0,0.0,0.0,0.0,,results/small_cylinder_number_sectors.json,armchair_L2_w1.points[N=0],explicit fixed sector,ED,,
ED,armchair_L2_w1,1,20,0.05,-1.4142135623730974,-0.07071067811865486,2.406177366063914e-15,,results/small_cylinder_number_sectors.json,armchair_L2_w1.points[N=1],explicit fixed sector,ED,,
ED,armchair_L2_w1,2,20,0.1,-2.8284271247461947,-0.14142135623730973,4.515311293649447e-12,,results/small_cylinder_number_sectors.json,armchair_L2_w1.points[N=2],explicit fixed sector,ED,,
ED,armchair_L2_w1,3,20,0.15,-4.037837839243325,-0.20189189196216625,1.6529244303405273e-11,,results/small_cylinder_number_sectors.json,armchair_L2_w1.points[N=3],explicit fixed sector,ED,,
ED,armchair_L2_w1,4,20,0.2,-5.2177653847589776,-0.2608882692379489,3.591734556064795e-14,,results/small_cylinder_number_sectors.json,armchair_L2_w1.points[N=4],explicit fixed sector,ED,,
ED,armchair_L2_w1,5,20,0.25,-5.932510952489884,-0.2966255476244942,1.0508200114026652e-13,,results/small_cylinder_number_sectors.json,armchair_L2_w1.points[N=5],explicit fixed sector,ED,,
ED,armchair_L2_w1,6,20,0.3,-6.64680935775631,-0.3323404678878155,9.779930759030513e-12,,results/small_cylinder_number_sectors.json,armchair_L2_w1.points[N=6],explicit fixed sector,ED,,
ED,armchair_L2_w1,7,20,0.35,-7.342049162884903,-0.36710245814424514,4.433148677537755e-11,,results/small_cylinder_number_sectors.json,armchair_L2_w1.points[N=7],explicit fixed sector,ED,,
ED,armchair_L2_w1,8,20,0.4,-8.037741645057586,-0.40188708225287934,2.888700747827489e-13,,results/small_cylinder_number_sectors.json,armchair_L2_w1.points[N=8],explicit fixed sector,ED,,
ED,armchair_L2_w1,9,20,0.45,-8.001845254997765,-0.40009226274988824,7.939235626127605e-11,,results/small_cylinder_number_sectors.json,armchair_L2_w1.points[N=9],explicit fixed sector,ED,,
ED,armchair_L2_w1,10,20,0.5,-7.994302046793319,-0.39971510233966595,1.1582251865611042e-11,,results/small_cylinder_number_sectors.json,armchair_L2_w1.points[N=10],explicit fixed sector,ED,,
ED,armchair_L2_w1,11,20,0.55,-8.001845254997786,-0.4000922627498893,6.561638994158576e-11,,results/small_cylinder_number_sectors.json,armchair_L2_w1.points[N=11],explicit fixed sector,ED,,
ED,armchair_L2_w1,12,20,0.6,-8.037741645057515,-0.4018870822528758,1.0879077436058792e-13,,results/small_cylinder_number_sectors.json,armchair_L2_w1.points[N=12],explicit fixed sector,ED,,
ED,armchair_L2_w1,13,20,0.65,-7.342049162884932,-0.3671024581442466,3.904705030276899e-14,,results/small_cylinder_number_sectors.json,armchair_L2_w1.points[N=13],explicit fixed sector,ED,,
ED,armchair_L2_w1,14,20,0.7,-6.646809357756305,-0.33234046788781524,2.8280854122969972e-11,,results/small_cylinder_number_sectors.json,armchair_L2_w1.points[N=14],explicit fixed sector,ED,,
ED,armchair_L2_w1,15,20,0.75,-5.932510952489868,-0.2966255476244934,9.689604761885593e-14,,results/small_cylinder_number_sectors.json,armchair_L2_w1.points[N=15],explicit fixed sector,ED,,
ED,armchair_L2_w1,16,20,0.8,-5.217765384758955,-0.2608882692379478,1.623587781615586e-14,,results/small_cylinder_number_sectors.json,armchair_L2_w1.points[N=16],explicit fixed sector,ED,,
ED,armchair_L2_w1,17,20,0.85,-4.037837839243319,-0.20189189196216595,1.4290362590443365e-11,,results/small_cylinder_number_sectors.json,armchair_L2_w1.points[N=17],explicit fixed sector,ED,,
ED,armchair_L2_w1,18,20,0.9,-2.8284271247461823,-0.14142135623730911,9.576673764719628e-13,,results/small_cylinder_number_sectors.json,armchair_L2_w1.points[N=18],explicit fixed sector,ED,,
ED,armchair_L2_w1,19,20,0.95,-1.414213562373099,-0.07071067811865495,4.9480320794883185e-15,,results/small_cylinder_number_sectors.json,armchair_L2_w1.points[N=19],explicit fixed sector,ED,,
ED,armchair_L2_w1,20,20,1.0,0.0,0.0,0.0,,results/small_cylinder_number_sectors.json,armchair_L2_w1.points[N=20],explicit fixed sector,ED,,
variational,armchair_L10_w1,46,92,0.5,-37.07391064468873,-0.40297728961618184,,32,results/armchair_L10_w1_chi256_star.json,records[0],historical neutral-driver initialization; not remeasured,star:7103,0.0008675785660223548,0.0013793153971093375
variational,armchair_L10_w1,46,92,0.5,-37.20034801404049,-0.4043516088482662,,64,results/armchair_L10_w1_chi256_star.json,records[1],historical neutral-driver initialization; not remeasured,star:7103,0.0003274464215135828,0.011484490007340753
variational,armchair_L10_w1,46,92,0.5,-37.27885630127874,-0.40520495979650806,,128,results/armchair_L10_w1_chi256_star.json,records[2],historical neutral-driver initialization; not remeasured,star:7103,8.587860235726417e-05,1.511782643603965e-05
variational,armchair_L10_w1,46,92,0.5,-37.28865749641985,-0.4053114945263027,,256,results/armchair_L10_w1_chi256_star.json,records[3],historical neutral-driver initialization; not remeasured,star:7103,2.367934910217949e-05,5.49627320935997e-05
variational,armchair_L10_w1,46,92,0.5,-37.28875739366858,-0.40531258036596285,,256,results/armchair_L10_w1_chi256_star.json,records[4],historical neutral-driver initialization; not remeasured,star:7103,2.4952305637803438e-05,7.531542784988687e-06
variational,armchair_L10_w1,46,92,0.5,-37.07391064468873,-0.40297728961618184,,32,results/armchair_L10_w1_chi512_star.json,records[0],historical neutral-driver initialization; not remeasured,star:7103,0.0008675785660223548,0.0013793153971093375
variational,armchair_L10_w1,46,92,0.5,-37.20034801404049,-0.4043516088482662,,64,results/armchair_L10_w1_chi512_star.json,records[1],historical neutral-driver initialization; not remeasured,star:7103,0.0003274464215135828,0.011484490007340753
variational,armchair_L10_w1,46,92,0.5,-37.27885630127874,-0.40520495979650806,,128,results/armchair_L10_w1_chi512_star.json,records[2],historical neutral-driver initialization; not remeasured,star:7103,8.587860235726417e-05,1.511782643603965e-05
variational,armchair_L10_w1,46,92,0.5,-37.28865749641985,-0.4053114945263027,,256,results/armchair_L10_w1_chi512_star.json,records[3],historical neutral-driver initialization; not remeasured,star:7103,2.367934910217949e-05,5.49627320935997e-05
variational,armchair_L10_w1,46,92,0.5,-37.28875739366858,-0.40531258036596285,,256,results/armchair_L10_w1_chi512_star.json,records[4],historical neutral-driver initialization; not remeasured,star:7103,2.4952305637803438e-05,7.531542784988687e-06
variational,armchair_L10_w1,46,92,0.5,-37.301557783391466,-0.4054517150368638,,512,results/armchair_L10_w1_chi512_star.json,records[5],historical neutral-driver initialization; not remeasured,star:7103,5.514915637114655e-06,0.006313210602797881
variational,armchair_L10_w1,46,92,0.5,-37.30196521245592,-0.4054561436136513,,512,results/armchair_L10_w1_chi512_star.json,records[6],historical neutral-driver initialization; not remeasured,star:7103,4.325908031278745e-06,1.1064284706208127e-06
variational,armchair_L2_w1,10,20,0.5,-7.9923260950858905,-0.39961630475429455,,32,results/armchair_L2_w1_chi128_star.json,records[0],historical neutral-driver initialization; not remeasured,star:7103,0.00030367525418517795,2.2012773452928514e-06
variational,armchair_L2_w1,10,20,0.5,-7.993954963519632,-0.3996977481759816,,64,results/armchair_L2_w1_chi128_star.json,records[1],historical neutral-driver initialization; not remeasured,star:7103,4.842832292866988e-06,4.6687452126548123e-08
variational,armchair_L2_w1,10,20,0.5,-7.99430071118201,-0.3997150355591005,,128,results/armchair_L2_w1_chi128_star.json,records[2],historical neutral-driver initialization; not remeasured,star:7103,1.8094391729403388e-07,1.163567020512346e-10
variational,armchair_L2_w1,10,20,0.5,-7.994300712627229,-0.39971503563136146,,128,results/armchair_L2_w1_chi128_star.json,records[3],historical neutral-driver initialization; not remeasured,star:7103,7.893701187923412e-08,1.9451107391432743e-13
variational,armchair_L2_w1,8,20,0.4,-8.037174578417789,-0.4018587289208894,,32,results/armchair_L2_w1_chi128_star_Nup8.json,records[0],explicit fixed sector,star:7103,9.129467108200683e-06,7.300826609935029e-13
variational,armchair_L2_w1,8,20,0.4,-8.037712974899513,-0.4018856487449757,,64,results/armchair_L2_w1_chi128_star_Nup8.json,records[1],explicit fixed sector,star:7103,9.793747759631556e-07,1.9539925233402755e-14
variational,armchair_L2_w1,8,20,0.4,-8.037741594945658,-0.4018870797472829,,128,results/armchair_L2_w1_chi128_star_Nup8.json,records[2],explicit fixed sector,star:7103,2.5682774064061823e-08,1.2434497875801753e-14
variational,armchair_L2_w1,8,20,0.4,-8.03774159681741,-0.4018870798408705,,128,results/armchair_L2_w1_chi128_star_Nup8.json,records[3],explicit fixed sector,star:7103,2.687876301352714e-09,8.881784197001252e-15
variational,armchair_L2_w1,10,20,0.5,-7.9923260950858905,-0.39961630475429455,,32,results/armchair_L2_w1_chi256_star.json,records[0],historical neutral-driver initialization; not remeasured,star:7103,0.00030367525418517795,2.2012773452928514e-06
variational,armchair_L2_w1,10,20,0.5,-7.993954963519632,-0.3996977481759816,,64,results/armchair_L2_w1_chi256_star.json,records[1],historical neutral-driver initialization; not remeasured,star:7103,4.842832292866988e-06,4.6687452126548123e-08
variational,armchair_L2_w1,10,20,0.5,-7.99430071118201,-0.3997150355591005,,128,results/armchair_L2_w1_chi256_star.json,records[2],historical neutral-driver initialization; not remeasured,star:7103,1.8094391729403388e-07,1.163567020512346e-10
variational,armchair_L2_w1,10,20,0.5,-7.994300712627229,-0.39971503563136146,,128,results/armchair_L2_w1_chi256_star.json,records[3],historical neutral-driver initialization; not remeasured,star:7103,7.893701187923412e-08,1.9451107391432743e-13
variational,armchair_L2_w1,10,20,0.5,-7.994302044934084,-0.3997151022467042,,256,results/armchair_L2_w1_chi256_star.json,records[4],historical neutral-driver initialization; not remeasured,star:7103,1.6727698620090208e-10,8.881784197001252e-15
variational,armchair_L2_w1,10,20,0.5,-7.994302044934075,-0.39971510224670376,,256,results/armchair_L2_w1_chi256_star.json,records[5],historical neutral-driver initialization; not remeasured,star:7103,1.6299904360192225e-10,5.329070518200751e-15
variational,armchair_L2_w1,8,20,0.4,-8.037174578417789,-0.4018587289208894,,32,results/armchair_L2_w1_chi256_star_Nup8.json,records[0],explicit fixed sector,star:7103,9.129467108200683e-06,7.300826609935029e-13
variational,armchair_L2_w1,8,20,0.4,-8.037712974899513,-0.4018856487449757,,64,results/armchair_L2_w1_chi256_star_Nup8.json,records[1],explicit fixed sector,star:7103,9.793747759631556e-07,1.9539925233402755e-14
variational,armchair_L2_w1,8,20,0.4,-8.037741594945658,-0.4018870797472829,,128,results/armchair_L2_w1_chi256_star_Nup8.json,records[2],explicit fixed sector,star:7103,2.5682774064061823e-08,1.2434497875801753e-14
variational,armchair_L2_w1,8,20,0.4,-8.03774159681741,-0.4018870798408705,,128,results/armchair_L2_w1_chi256_star_Nup8.json,records[3],explicit fixed sector,star:7103,2.687876301352714e-09,8.881784197001252e-15
variational,armchair_L2_w1,8,20,0.4,-8.037741644994776,-0.4018870822497388,,256,results/armchair_L2_w1_chi256_star_Nup8.json,records[4],explicit fixed sector,star:7103,6.839659407868512e-12,5.329070518200751e-15
variational,armchair_L2_w1,8,20,0.4,-8.037741644994776,-0.4018870822497388,,256,results/armchair_L2_w1_chi256_star_Nup8.json,records[5],explicit fixed sector,star:7103,9.925091960788003e-13,1.7763568394002505e-15
variational,armchair_L2_w1,12,20,0.6,-8.037741644276707,-0.40188708221383534,,256,results/armchair_L2_w1_chi256_star_Nup8_charge_sectors_PH_regression.json,records[0],explicit fixed sector,star:7207,9.982172155390217e-12,1.2434497875801753e-14
variational,armchair_L2_w1,8,20,0.4,-8.037741644216347,-0.4018870822108173,,256,results/armchair_L2_w1_chi256_star_charge_sectors_regression.json,records[0],explicit fixed sector,star:7201,9.945157090963266e-12,1.4210854715202004e-14
variational,armchair_L4_w1,19,38,0.5,-15.27716092072247,-0.40203055054532816,,32,results/armchair_L4_w1_chi256_star.json,records[0],historical neutral-driver initialization; not remeasured,star:7103,0.0012511006544159806,0.0021177237380314295
variational,armchair_L4_w1,19,38,0.5,-15.332175436320433,-0.4034783009558009,,64,results/armchair_L4_w1_chi256_star.json,records[1],historical neutral-driver initialization; not remeasured,star:7103,0.000641698121293483,2.7462728617422272e-05
variational,armchair_L4_w1,19,38,0.5,-15.344411706623168,-0.4038003080690307,,128,results/armchair_L4_w1_chi256_star.json,records[2],historical neutral-driver initialization; not remeasured,star:7103,2.2746327734329708e-05,4.6283666677027213e-07
variational,armchair_L4_w1,19,38,0.5,-15.345274921066169,-0.4038230242385834,,256,results/armchair_L4_w1_chi256_star.json,records[3],historical neutral-driver initialization; not remeasured,star:7103,1.0019253264630003e-06,1.2062741916452069e-09
variational,armchair_L4_w1,19,38,0.5,-15.345274941738161,-0.4038230247825832,,256,results/armchair_L4_w1_chi256_star.json,records[4],historical neutral-driver initialization; not remeasured,star:7103,7.40184002564338e-07,1.1490879359143946e-09
variational,armchair_L4_w1,18,38,0.47368421052631576,-15.345406227612273,-0.4038264796740072,,256,results/armchair_L4_w1_chi256_star_charge_sectors_global_audit.json,records[0],explicit fixed sector,star:7202,1.3527318373269697e-06,2.2897896911899807e-09
variational,armchair_L4_w1,20,38,0.5263157894736842,-15.337683765905277,-0.4036232569975073,,256,results/armchair_L4_w1_chi256_star_charge_sectors_global_audit.json,records[1],explicit fixed sector,star:7204,7.675298999365543e-07,4.564116729000034e-07
variational,armchair_L4_w1,17,38,0.4473684210526316,-15.326732085996685,-0.4033350548946496,,256,results/armchair_L4_w1_chi256_star_charge_sectors_global_audit.json,records[2],explicit fixed sector,star:7201,9.094005275040348e-07,2.021316447553545e-10
variational,armchair_L4_w1,21,38,0.5526315789473685,-15.326731774452329,-0.4033350466961139,,256,results/armchair_L4_w1_chi256_star_charge_sectors_global_audit.json,records[3],explicit fixed sector,star:7205,1.1272026110672431e-07,4.984457291357103e-12
variational,armchair_L4_w1,16,38,0.42105263157894735,-15.336176236016763,-0.40358358515833587,,256,results/armchair_L4_w1_chi256_star_charge_sectors_global_audit.json,records[4],explicit fixed sector,star:7200,4.1305361838547025e-07,7.689774800923033e-06
variational,armchair_L4_w1,22,38,0.5789473684210527,-15.336176293948778,-0.4035835866828626,,256,results/armchair_L4_w1_chi256_star_charge_sectors_global_audit.json,records[5],explicit fixed sector,star:7206,1.1259134667109853e-06,8.424186688671398e-06
variational,armchair_L4_w1,15,38,0.39473684210526316,-15.320647668880145,-0.4031749386547407,,256,results/armchair_L4_w1_chi256_star_charge_sectors_global_audit.json,records[6],explicit fixed sector,star:7199,3.77724355071835e-06,6.6722130043217476e-09
variational,armchair_L4_w1,14,38,0.3684210526315789,-15.326371011416628,-0.4033255529320165,,256,results/armchair_L4_w1_chi256_star_charge_sectors_global_audit.json,records[7],explicit fixed sector,star:7198,1.709896644187013e-10,2.538413923502958e-12
variational,armchair_L4_w1,13,38,0.34210526315789475,-14.629919350211814,-0.384997877637153,,256,results/armchair_L4_w1_chi256_star_charge_sectors_global_audit.json,records[8],explicit fixed sector,star:7197,1.3133120178485483e-10,7.460698725481052e-14
variational,armchair_L4_w1,20,38,0.5263157894736842,-15.345406227612283,-0.4038264796740075,,256,results/armchair_L4_w1_chi256_star_charge_sectors_global_audit_particle_hole_audit.json,records[0],explicit fixed sector,star:7202,,
variational,armchair_L4_w1,18,38,0.47368421052631576,-15.337683765905297,-0.4036232569975078,,256,results/armchair_L4_w1_chi256_star_charge_sectors_global_audit_particle_hole_audit.json,records[1],explicit fixed sector,star:7204,,
variational,armchair_L4_w1,21,38,0.5526315789473685,-15.326732085996705,-0.4033350548946501,,256,results/armchair_L4_w1_chi256_star_charge_sectors_global_audit_particle_hole_audit.json,records[2],explicit fixed sector,star:7201,,
variational,armchair_L4_w1,17,38,0.4473684210526316,-15.326731774452337,-0.40333504669611414,,256,results/armchair_L4_w1_chi256_star_charge_sectors_global_audit_particle_hole_audit.json,records[3],explicit fixed sector,star:7205,,
variational,armchair_L4_w1,22,38,0.5789473684210527,-15.336176236016769,-0.40358358515833603,,256,results/armchair_L4_w1_chi256_star_charge_sectors_global_audit_particle_hole_audit.json,records[4],explicit fixed sector,star:7200,,
variational,armchair_L4_w1,16,38,0.42105263157894735,-15.336176293948785,-0.40358358668286276,,256,results/armchair_L4_w1_chi256_star_charge_sectors_global_audit_particle_hole_audit.json,records[5],explicit fixed sector,star:7206,,
variational,armchair_L4_w1,18,38,0.47368421052631576,-15.345406227612273,-0.4038264796740072,,256,results/armchair_L4_w1_chi256_star_number_candidate_Nup18.json,records[0],explicit fixed sector,star:7202,,
variational,armchair_L4_w1,19,38,0.5,-15.27730414755713,-0.40203431967255604,,32,results/armchair_L4_w1_chi256_star_seed7104.json,records[0],historical neutral-driver initialization; not remeasured,star:7104,0.0014423460389285485,0.002272986724227266
variational,armchair_L4_w1,19,38,0.5,-15.332207275433131,-0.40347913882718767,,64,results/armchair_L4_w1_chi256_star_seed7104.json,records[1],historical neutral-driver initialization; not remeasured,star:7104,0.0006313713871924388,5.919867978576576e-05
variational,armchair_L4_w1,19,38,0.5,-15.344405123647137,-0.4038001348328194,,128,results/armchair_L4_w1_chi256_star_seed7104.json,records[2],historical neutral-driver initialization; not remeasured,star:7104,2.296535327056348e-05,1.1710164216083285e-07
variational,armchair_L4_w1,19,38,0.5,-15.345274754610127,-0.4038230198581612,,256,results/armchair_L4_w1_chi256_star_seed7104.json,records[3],historical neutral-driver initialization; not remeasured,star:7104,1.0087653281203075e-06,3.5199398951135663e-10
variational,armchair_L4_w1,19,38,0.5,-15.345274761540455,-0.4038230200405383,,256,results/armchair_L4_w1_chi256_star_seed7104.json,records[4],historical neutral-driver initialization; not remeasured,star:7104,7.388025474902387e-07,4.797797714672924e-10
variational,armchair_L4_w1,19,38,0.5,-15.278500023494235,-0.40206579009195353,,32,results/armchair_L4_w1_chi256_star_seed7105.json,records[0],historical neutral-driver initialization; not remeasured,star:7105,0.0006648155903674045,0.00023158634114928134
variational,armchair_L4_w1,19,38,0.5,-15.33228771477184,-0.4034812556518905,,64,results/armchair_L4_w1_chi256_star_seed7105.json,records[1],historical neutral-driver initialization; not remeasured,star:7105,0.000642338334652406,1.6793142197712996e-05
variational,armchair_L4_w1,19,38,0.5,-15.344417397709517,-0.40380045783446095,,128,results/armchair_L4_w1_chi256_star_seed7105.json,records[2],historical neutral-driver initialization; not remeasured,star:7105,2.2148600045875135e-05,7.425135155614271e-07
variational,armchair_L4_w1,19,38,0.5,-15.345274953631678,-0.4038230250955705,,256,results/armchair_L4_w1_chi256_star_seed7105.json,records[3],historical neutral-driver initialization; not remeasured,star:7105,1.0036376204148256e-06,2.1965167462667523e-09
variational,armchair_L4_w1,19,38,0.5,-15.34527497686739,-0.4038230257070366,,256,results/armchair_L4_w1_chi256_star_seed7105.json,records[4],historical neutral-driver initialization; not remeasured,star:7105,7.392535093627005e-07,1.7525518813954477e-09
variational,armchair_L4_w1,19,38,0.5,-15.27716092072247,-0.40203055054532816,,32,results/armchair_L4_w1_chi512_star.json,records[0],historical neutral-driver initialization; not remeasured,star:7103,0.0012511006544159806,0.0021177237380314295
variational,armchair_L4_w1,19,38,0.5,-15.332175436320433,-0.4034783009558009,,64,results/armchair_L4_w1_chi512_star.json,records[1],historical neutral-driver initialization; not remeasured,star:7103,0.000641698121293483,2.7462728617422272e-05
variational,armchair_L4_w1,19,38,0.5,-15.344411706623168,-0.4038003080690307,,128,results/armchair_L4_w1_chi512_star.json,records[2],historical neutral-driver initialization; not remeasured,star:7103,2.2746327734329708e-05,4.6283666677027213e-07
variational,armchair_L4_w1,19,38,0.5,-15.345274921066169,-0.4038230242385834,,256,results/armchair_L4_w1_chi512_star.json,records[3],historical neutral-driver initialization; not remeasured,star:7103,1.0019253264630003e-06,1.2062741916452069e-09
variational,armchair_L4_w1,19,38,0.5,-15.345274941738161,-0.4038230247825832,,256,results/armchair_L4_w1_chi512_star.json,records[4],historical neutral-driver initialization; not remeasured,star:7103,7.40184002564338e-07,1.1490879359143946e-09
variational,armchair_L4_w1,19,38,0.5,-15.345307434440853,-0.40382387985370666,,512,results/armchair_L4_w1_chi512_star.json,records[5],historical neutral-driver initialization; not remeasured,star:7103,1.9712499589633295e-08,6.789235840187757e-12
variational,armchair_L4_w1,19,38,0.5,-15.345307434435629,-0.40382387985356916,,512,results/armchair_L4_w1_chi512_star.json,records[6],historical neutral-driver initialization; not remeasured,star:7103,1.9712456313499316e-08,1.5631940186722204e-13
variational,armchair_L4_w1,18,38,0.47368421052631576,-15.345406227612273,-0.4038264796740072,,256,results/armchair_L4_w1_chi512_star_seed7202_Nup18.json,records[0],explicit fixed sector,star:7202,,
variational,armchair_L4_w1,18,38,0.47368421052631576,-15.345428885002356,-0.4038270759211146,,512,results/armchair_L4_w1_chi512_star_seed7202_Nup18.json,records[1],explicit fixed sector,star:7202,1.2964313772017175e-08,1.7923440509548527e-11
variational,armchair_L4_w1,18,38,0.47368421052631576,-15.345428885380793,-0.4038270759310735,,512,results/armchair_L4_w1_chi512_star_seed7202_Nup18.json,records[2],explicit fixed sector,star:7202,1.2960561694554644e-08,2.5579538487363607e-13
variational,armchair_L4_w2,38,76,0.5,-29.085366111730544,-0.38270218568066505,,32,results/armchair_L4_w2_chi256_star.json,records[0],saved checkpoint QN measurement,star:7103,0.011132609015622514,0.006557004226699803
variational,armchair_L4_w2,38,76,0.5,-29.794245264768943,-0.3920295429574861,,64,results/armchair_L4_w2_chi256_star.json,records[1],saved checkpoint QN measurement,star:7103,0.0005706405029243634,9.937138337079432e-06
variational,armchair_L4_w2,38,76,0.5,-30.295821111075554,-0.39862922514573096,,128,results/armchair_L4_w2_chi256_star.json,records[2],saved checkpoint QN measurement,star:7103,0.0003377818202355564,0.007503939560461248
variational,armchair_L4_w2,38,76,0.5,-30.531312608403084,-0.40172779747898796,,256,results/armchair_L4_w2_chi256_star.json,records[3],saved checkpoint QN measurement,star:7103,0.0001555676700242527,0.0008961628303687519
variational,armchair_L4_w2,38,76,0.5,-30.53419069041318,-0.4017656669791208,,256,results/armchair_L4_w2_chi256_star.json,records[4],saved checkpoint QN measurement,star:7103,0.00016248825523000252,7.052602281376608e-05
variational,armchair_L4_w2,37,76,0.4868421052631579,-30.58052641659642,-0.402375347586795,,256,results/armchair_L4_w2_chi256_star_charge_sectors_global_audit.json,records[0],explicit fixed sector,star:7202,0.00017218906406523733,1.3323549723054384e-05
variational,armchair_L4_w2,36,76,0.47368421052631576,-30.568229327554377,-0.40221354378361024,,256,results/armchair_L4_w2_chi256_star_charge_sectors_global_audit.json,records[1],explicit fixed sector,star:7201,9.537114323925449e-05,8.627589295429061e-06
variational,armchair_L4_w2,35,76,0.4605263157894737,-30.538329040012304,-0.40182011894753034,,256,results/armchair_L4_w2_chi256_star_charge_sectors_global_audit.json,records[2],explicit fixed sector,star:7200,8.221334184311861e-05,0.0004022837205823748
variational,armchair_L4_w2,34,76,0.4473684210526316,-30.57288976076056,-0.40227486527316525,,256,results/armchair_L4_w2_chi256_star_charge_sectors_global_audit.json,records[3],explicit fixed sector,star:7199,7.715340546607835e-05,5.205949673126042e-06
variational,armchair_L4_w2,33,76,0.4342105263157895,-30.59625827114322,-0.4025823456729371,,256,results/armchair_L4_w2_chi256_star_charge_sectors_global_audit.json,records[4],explicit fixed sector,star:7198,6.7016913569706e-05,8.055474944157481e-05
variational,armchair_L4_w2,32,76,0.42105263157894735,-30.608064828495937,-0.40273769511178864,,256,results/armchair_L4_w2_chi256_star_charge_sectors_global_audit.json,records[5],explicit fixed sector,star:7197,6.068802818272286e-05,8.131419928503192e-06
variational,armchair_L4_w2,31,76,0.40789473684210525,-30.61196575481341,-0.40278902308965014,,256,results/armchair_L4_w2_chi256_star_charge_sectors_global_audit.json,records[6],explicit fixed sector,star:7196,6.732426242563817e-05,0.0007453453059085291
variational,armchair_L4_w2,30,76,0.39473684210526316,-30.609043172316913,-0.4027505680568015,,256,results/armchair_L4_w2_chi256_star_charge_sectors_global_audit.json,records[7],explicit fixed sector,star:7195,7.363838484944362e-05,1.6281603549828105e-06
variational,armchair_L4_w2,38,76,0.5,-29.085366111730544,-0.38270218568066505,,32,results/armchair_L4_w2_chi512_star.json,records[0],saved checkpoint QN measurement,star:7103,0.011132609015622514,0.006557004226699803
variational,armchair_L4_w2,38,76,0.5,-29.794245264768943,-0.3920295429574861,,64,results/armchair_L4_w2_chi512_star.json,records[1],saved checkpoint QN measurement,star:7103,0.0005706405029243634,9.937138337079432e-06
variational,armchair_L4_w2,38,76,0.5,-30.295821111075554,-0.39862922514573096,,128,results/armchair_L4_w2_chi512_star.json,records[2],saved checkpoint QN measurement,star:7103,0.0003377818202355564,0.007503939560461248
variational,armchair_L4_w2,38,76,0.5,-30.531312608403084,-0.40172779747898796,,256,results/armchair_L4_w2_chi512_star.json,records[3],saved checkpoint QN measurement,star:7103,0.0001555676700242527,0.0008961628303687519
variational,armchair_L4_w2,38,76,0.5,-30.53419069041318,-0.4017656669791208,,256,results/armchair_L4_w2_chi512_star.json,records[4],saved checkpoint QN measurement,star:7103,0.00016248825523000252,7.052602281376608e-05
variational,armchair_L4_w2,38,76,0.5,-30.63027842941585,-0.4030299793344191,,512,results/armchair_L4_w2_chi512_star.json,records[5],saved checkpoint QN measurement,star:7103,0.00010222556943728932,4.5728608217388e-05
variational,armchair_L4_w2,38,76,0.5,-30.634902075955978,-0.40309081678889447,,512,results/armchair_L4_w2_chi512_star.json,records[6],saved checkpoint QN measurement,star:7103,0.00015957247846879252,0.00019511527513316196
variational,armchair_L4_w2,31,76,0.40789473684210525,-30.61196575481341,-0.40278902308965014,,256,results/armchair_L4_w2_chi512_star_seed7196_Nup31.json,records[0],explicit fixed sector,star:7196,6.732426242563817e-05,0.0007453453059085291
variational,armchair_L4_w2,31,76,0.40789473684210525,-30.634380639031445,-0.40308395577672956,,512,results/armchair_L4_w2_chi512_star_seed7196_Nup31.json,records[1],explicit fixed sector,star:7196,9.660792238952025e-06,2.3828703287875896e-05
variational,armchair_L4_w2,31,76,0.40789473684210525,-30.634440412633616,-0.40308474227149493,,512,results/armchair_L4_w2_chi512_star_seed7196_Nup31.json,records[2],explicit fixed sector,star:7196,9.920991149761277e-06,1.0077039501510399e-05
variational,armchair_L4_w3,57,114,0.5,-40.847046157120424,-0.35830742243088093,,32,results/armchair_L4_w3_chi256_star.json,records[0],saved checkpoint QN measurement,star:7103,0.01928041174897908,0.06477377235609794
variational,armchair_L4_w3,57,114,0.5,-42.73506068876339,-0.37486895341020515,,64,results/armchair_L4_w3_chi256_star.json,records[1],saved checkpoint QN measurement,star:7103,0.01848138715123743,0.04118841091019476
variational,armchair_L4_w3,57,114,0.5,-43.94746030088741,-0.3855040377270825,,128,results/armchair_L4_w3_chi256_star.json,records[2],saved checkpoint QN measurement,star:7103,0.0010877102555991432,0.012625855152201382
variational,armchair_L4_w3,57,114,0.5,-45.14073281043639,-0.3959713404424245,,256,results/armchair_L4_w3_chi256_star.json,records[3],saved checkpoint QN measurement,star:7103,0.0003751372062195103,0.008167813537355073
variational,armchair_L4_w3,57,114,0.5,-45.170640612249606,-0.3962336895811369,,256,results/armchair_L4_w3_chi256_star.json,records[4],saved checkpoint QN measurement,star:7103,0.000361849782951124,0.001025792003943593
variational,armchair_L4_w3,57,114,0.5,-40.847046157120424,-0.35830742243088093,,32,results/armchair_L4_w3_chi512_star.json,records[0],saved checkpoint QN measurement,star:7103,0.01928041174897908,0.06477377235609794
variational,armchair_L4_w3,57,114,0.5,-42.73506068876339,-0.37486895341020515,,64,results/armchair_L4_w3_chi512_star.json,records[1],saved checkpoint QN measurement,star:7103,0.01848138715123743,0.04118841091019476
variational,armchair_L4_w3,57,114,0.5,-43.94746030088741,-0.3855040377270825,,128,results/armchair_L4_w3_chi512_star.json,records[2],saved checkpoint QN measurement,star:7103,0.0010877102555991432,0.012625855152201382
variational,armchair_L4_w3,57,114,0.5,-45.14073281043639,-0.3959713404424245,,256,results/armchair_L4_w3_chi512_star.json,records[3],saved checkpoint QN measurement,star:7103,0.0003751372062195103,0.008167813537355073
variational,armchair_L4_w3,57,114,0.5,-45.170640612249606,-0.3962336895811369,,256,results/armchair_L4_w3_chi512_star.json,records[4],saved checkpoint QN measurement,star:7103,0.000361849782951124,0.001025792003943593
variational,armchair_L4_w3,57,114,0.5,-45.651316537884426,-0.40045014506916166,,512,results/armchair_L4_w3_chi512_star.json,records[5],saved checkpoint QN measurement,star:7103,0.0001541866214713831,0.012040055378435
variational,armchair_L4_w3,57,114,0.5,-45.66438793955968,-0.40056480648736564,,512,results/armchair_L4_w3_chi512_star.json,records[6],saved checkpoint QN measurement,star:7103,0.00015047033769347582,0.00027025731546359566
variational,armchair_L4_w4,76,152,0.5,-52.092354707543166,-0.3427128599180471,,32,results/armchair_L4_w4_chi256_star.json,records[0],historical neutral-driver initialization; not remeasured,star:7103,0.007868686362861154,0.017628265499027407
variational,armchair_L4_w4,76,152,0.5,-53.639273208380565,-0.3528899553182932,,64,results/armchair_L4_w4_chi256_star.json,records[1],historical neutral-driver initialization; not remeasured,star:7103,0.002066658554686355,0.017166706030572243
variational,armchair_L4_w4,76,152,0.5,-55.825770706799965,-0.36727480728157874,,128,results/armchair_L4_w4_chi256_star.json,records[2],historical neutral-driver initialization; not remeasured,star:7103,0.010339144879350849,0.03539395898379638
variational,armchair_L4_w4,76,152,0.5,-57.309042124386494,-0.3770331718709638,,256,results/armchair_L4_w4_chi256_star.json,records[3],historical neutral-driver initialization; not remeasured,star:7103,0.0009053567296013659,0.014569520659165391
variational,armchair_L4_w4,76,152,0.5,-57.42849483718804,-0.37781904498150026,,256,results/armchair_L4_w4_chi256_star.json,records[4],historical neutral-driver initialization; not remeasured,star:7103,0.0006795311952428147,0.007364467231084859
variational,armchair_L6_w1,28,56,0.5,-22.57222836077542,-0.4030755064424182,,32,results/armchair_L6_w1_chi256_star.json,records[0],historical neutral-driver initialization; not remeasured,star:7103,0.0007362384634423898,0.0008594033669027112
variational,armchair_L6_w1,28,56,0.5,-22.626356293913116,-0.4040420766770199,,64,results/armchair_L6_w1_chi256_star.json,records[1],historical neutral-driver initialization; not remeasured,star:7103,0.0002995976096693438,1.0210520038356208e-05
variational,armchair_L6_w1,28,56,0.5,-22.640492740461404,-0.4042945132225251,,128,results/armchair_L6_w1_chi256_star.json,records[2],historical neutral-driver initialization; not remeasured,star:7103,3.98937632229211e-05,5.846010928678425e-07
variational,armchair_L6_w1,28,56,0.5,-22.643968533792048,-0.4043565809605723,,256,results/armchair_L6_w1_chi256_star.json,records[3],historical neutral-driver initialization; not remeasured,star:7103,9.707093219035137e-06,4.05029524586098e-07
variational,armchair_L6_w1,28,56,0.5,-22.643972868480954,-0.4043566583657313,,256,results/armchair_L6_w1_chi256_star.json,records[4],historical neutral-driver initialization; not remeasured,star:7103,9.713623814970142e-06,6.563490266842109e-07
variational,armchair_L6_w2,56,112,0.5,-42.862784871488586,-0.38270343635257664,,32,results/armchair_L6_w2_chi128_star.json,records[0],historical neutral-driver initialization; not remeasured,star:7103,0.010458883505651656,0.0005584815178352187
variational,armchair_L6_w2,56,112,0.5,-44.12665801242337,-0.3939880179680658,,64,results/armchair_L6_w2_chi128_star.json,records[1],historical neutral-driver initialization; not remeasured,star:7103,0.00043316906943875006,0.013181023085223842
variational,armchair_L6_w2,56,112,0.5,-44.93063118664195,-0.40116634988073174,,128,results/armchair_L6_w2_chi128_star.json,records[2],historical neutral-driver initialization; not remeasured,star:7103,0.00022804616503951396,0.073694098123255
variational,armchair_L6_w2,56,112,0.5,-42.862784871488586,-0.38270343635257664,,32,results/armchair_L6_w2_chi256_star.json,records[0],saved checkpoint QN measurement,star:7103,0.010458883505651656,0.0005584815178352187
variational,armchair_L6_w2,56,112,0.5,-44.12665801242337,-0.3939880179680658,,64,results/armchair_L6_w2_chi256_star.json,records[1],saved checkpoint QN measurement,star:7103,0.00043316906943875006,0.013181023085223842
variational,armchair_L6_w2,56,112,0.5,-44.93063118664195,-0.40116634988073174,,128,results/armchair_L6_w2_chi256_star.json,records[2],saved checkpoint QN measurement,star:7103,0.00022804616503951396,0.073694098123255
variational,armchair_L6_w2,56,112,0.5,-45.08371505532315,-0.40253317013681383,,256,results/armchair_L6_w2_chi256_star.json,records[3],saved checkpoint QN measurement,star:7103,9.595561949920225e-05,0.000738995295328948
variational,armchair_L6_w2,56,112,0.5,-45.0862991430442,-0.40255624234860893,,256,results/armchair_L6_w2_chi256_star.json,records[4],saved checkpoint QN measurement,star:7103,9.374779773192667e-05,0.00014754740037403735
variational,armchair_L6_w2,55,112,0.49107142857142855,-45.07105421807789,-0.40242012694712403,,256,results/armchair_L6_w2_chi256_star_charge_sectors_global_audit.json,records[0],explicit fixed sector,star:7202,0.00011312228239480903,0.0022370514531218078
variational,armchair_L6_w2,54,112,0.48214285714285715,-45.08074124328123,-0.4025066182435824,,256,results/armchair_L6_w2_chi256_star_charge_sectors_global_audit.json,records[1],explicit fixed sector,star:7201,0.00013635307371345537,0.00533405092615169
variational,armchair_L6_w2,53,112,0.4732142857142857,-45.06199716142582,-0.4023392603698734,,256,results/armchair_L6_w2_chi256_star_charge_sectors_global_audit.json,records[2],explicit fixed sector,star:7200,0.00014046199932093477,0.0005542047797320038
variational,armchair_L6_w2,52,112,0.4642857142857143,-45.08520934594954,-0.40254651201740665,,256,results/armchair_L6_w2_chi256_star_charge_sectors_global_audit.json,records[3],explicit fixed sector,star:7199,0.00019206961988988878,0.0006116878486253086
variational,armchair_L6_w2,51,112,0.45535714285714285,-45.08322600329729,-0.4025288036008687,,256,results/armchair_L6_w2_chi256_star_charge_sectors_global_audit.json,records[4],explicit fixed sector,star:7198,8.532880824894057e-05,0.00021472937193323105
variational,armchair_L6_w2,50,112,0.44642857142857145,-45.09339894620035,-0.40261963344821744,,256,results/armchair_L6_w2_chi256_star_charge_sectors_global_audit.json,records[5],explicit fixed sector,star:7197,0.00014946418756494668,0.0011675269077571215
variational,armchair_L6_w2,49,112,0.4375,-45.089693516185456,-0.4025865492516559,,256,results/armchair_L6_w2_chi256_star_charge_sectors_global_audit.json,records[6],explicit fixed sector,star:7196,6.074017162818663e-05,0.001473121673889466
variational,armchair_L6_w2,48,112,0.42857142857142855,-45.05186773575945,-0.40224881906928084,,256,results/armchair_L6_w2_chi256_star_charge_sectors_global_audit.json,records[7],explicit fixed sector,star:7195,6.579463884395326e-05,0.002527299493948476
variational,armchair_L6_w3,84,168,0.5,-59.98250913631702,-0.35703874485902987,,32,results/armchair_L6_w3_chi256_star.json,records[0],saved checkpoint QN measurement,star:7103,0.015091631039927673,0.004949174920945154
variational,armchair_L6_w3,84,168,0.5,-62.475089013689214,-0.3718755298433882,,64,results/armchair_L6_w3_chi256_star.json,records[1],saved checkpoint QN measurement,star:7103,0.010706330949970783,0.00012855745937656593
variational,armchair_L6_w3,84,168,0.5,-64.75025245213958,-0.3854181693579737,,128,results/armchair_L6_w3_chi256_star.json,records[2],saved checkpoint QN measurement,star:7103,0.0007251995129057381,0.01788415943164523
variational,armchair_L6_w3,84,168,0.5,-66.25565216150983,-0.394378881913749,,256,results/armchair_L6_w3_chi256_star.json,records[3],saved checkpoint QN measurement,star:7103,0.00040118575475351866,0.00927221465278194
variational,armchair_L6_w3,84,168,0.5,-66.31813330837856,-0.39475079350225334,,256,results/armchair_L6_w3_chi256_star.json,records[4],saved checkpoint QN measurement,star:7103,0.00043324804577037627,0.012322676894271467
variational,armchair_L8_w2,74,148,0.5,-56.85172697911893,-0.3841332903994522,,32,results/armchair_L8_w2_chi256_star.json,records[0],historical neutral-driver initialization; not remeasured,star:7103,0.023791150197605776,0.053649607825512646
variational,armchair_L8_w2,74,148,0.5,-58.06859766255707,-0.39235538961187205,,64,results/armchair_L8_w2_chi256_star.json,records[1],historical neutral-driver initialization; not remeasured,star:7103,0.00047260288244224387,0.003549584886073376
variational,armchair_L8_w2,74,148,0.5,-59.21272202539431,-0.4000859596310426,,128,results/armchair_L8_w2_chi256_star.json,records[2],historical neutral-driver initialization; not remeasured,star:7103,0.00020550471415551802,0.010256076288541749
variational,armchair_L8_w2,74,148,0.5,-59.579906633830404,-0.4025669367150703,,256,results/armchair_L8_w2_chi256_star.json,records[3],historical neutral-driver initialization; not remeasured,star:7103,0.00015666011602375867,0.002422469436808683
variational,armchair_L8_w2,74,148,0.5,-59.58559917021514,-0.40260539979875093,,256,results/armchair_L8_w2_chi256_star.json,records[4],historical neutral-driver initialization; not remeasured,star:7103,0.0001636679878620736,0.0002953966722429868
variational,armchair_L4_w1,18,38,0.47368421052631576,-15.345406227612273,-0.4038264796740072,,256,results/snapshots/armchair_L4_w1_chi512_charged_number_audit_20261004T143827922021Z.json,records[0],explicit fixed sector,star:7202,,
variational,armchair_L4_w1,18,38,0.47368421052631576,-15.345428885002356,-0.4038270759211146,,512,results/snapshots/armchair_L4_w1_chi512_charged_number_audit_20261004T143827922021Z.json,records[1],explicit fixed sector,star:7202,1.2964313772017175e-08,1.7923440509548527e-11
variational,armchair_L4_w1,18,38,0.47368421052631576,-15.345428885380793,-0.4038270759310735,,512,results/snapshots/armchair_L4_w1_chi512_charged_number_audit_20261004T143827922021Z.json,records[2],explicit fixed sector,star:7202,1.2960561694554644e-08,2.5579538487363607e-13
variational,armchair_L4_w1,19,38,0.5,-15.27716092072247,-0.40203055054532816,,32,results/snapshots/armchair_L4_w1_chi512_neutral_number_audit.json,records[0],historical neutral-driver initialization; not remeasured,star:7103,0.0012511006544159806,0.0021177237380314295
variational,armchair_L4_w1,19,38,0.5,-15.332175436320433,-0.4034783009558009,,64,results/snapshots/armchair_L4_w1_chi512_neutral_number_audit.json,records[1],historical neutral-driver initialization; not remeasured,star:7103,0.000641698121293483,2.7462728617422272e-05
variational,armchair_L4_w1,19,38,0.5,-15.344411706623168,-0.4038003080690307,,128,results/snapshots/armchair_L4_w1_chi512_neutral_number_audit.json,records[2],historical neutral-driver initialization; not remeasured,star:7103,2.2746327734329708e-05,4.6283666677027213e-07
variational,armchair_L4_w1,19,38,0.5,-15.345274921066169,-0.4038230242385834,,256,results/snapshots/armchair_L4_w1_chi512_neutral_number_audit.json,records[3],historical neutral-driver initialization; not remeasured,star:7103,1.0019253264630003e-06,1.2062741916452069e-09
variational,armchair_L4_w1,19,38,0.5,-15.345274941738161,-0.4038230247825832,,256,results/snapshots/armchair_L4_w1_chi512_neutral_number_audit.json,records[4],historical neutral-driver initialization; not remeasured,star:7103,7.40184002564338e-07,1.1490879359143946e-09
variational,armchair_L4_w1,19,38,0.5,-15.345307435388229,-0.4038238798786376,,512,results/snapshots/armchair_L4_w1_chi512_neutral_number_audit.json,records[5],historical neutral-driver initialization; not remeasured,star:7103,1.9690926375884106e-08,1.8829382497642655e-13
variational,armchair_L4_w1,19,38,0.5,-15.34530743538934,-0.40382387987866686,,512,results/snapshots/armchair_L4_w1_chi512_neutral_number_audit.json,records[6],historical neutral-driver initialization; not remeasured,star:7103,1.9691088859978462e-08,2.184918912462308e-13
variational,zigzag_L10_w1,46,91,0.5054945054945055,-37.04050237413664,-0.4070384876278752,,32,results/zigzag_L10_w1_chi256_star.json,records[0],historical neutral-driver initialization; not remeasured,star:7103,0.0001699510811155262,0.003479956137169893
variational,zigzag_L10_w1,46,91,0.5054945054945055,-37.047958102488934,-0.4071204187086696,,64,results/zigzag_L10_w1_chi256_star.json,records[1],historical neutral-driver initialization; not remeasured,star:7103,5.389043216818834e-06,9.929343036674254e-08
variational,zigzag_L10_w1,46,91,0.5054945054945055,-37.04878424527348,-0.4071294972008075,,128,results/zigzag_L10_w1_chi256_star.json,records[2],historical neutral-driver initialization; not remeasured,star:7103,1.8869701045518863e-06,0.00011651895459863226
variational,zigzag_L10_w1,46,91,0.5054945054945055,-37.04902110961107,-0.4071321001056161,,256,results/zigzag_L10_w1_chi256_star.json,records[3],historical neutral-driver initialization; not remeasured,star:7103,1.0568695152686347e-07,1.3351694207131004e-05
variational,zigzag_L10_w1,46,91,0.5054945054945055,-37.05241005756312,-0.40716934129190246,,256,results/zigzag_L10_w1_chi256_star.json,records[4],historical neutral-driver initialization; not remeasured,star:7103,1.638106003178375e-06,2.5118195878803817e-07
variational,zigzag_L10_w1,46,91,0.5054945054945055,-37.04050237413664,-0.4070384876278752,,32,results/zigzag_L10_w1_chi512_star.json,records[0],historical neutral-driver initialization; not remeasured,star:7103,0.0001699510811155262,0.003479956137169893
variational,zigzag_L10_w1,46,91,0.5054945054945055,-37.047958102488934,-0.4071204187086696,,64,results/zigzag_L10_w1_chi512_star.json,records[1],historical neutral-driver initialization; not remeasured,star:7103,5.389043216818834e-06,9.929343036674254e-08
variational,zigzag_L10_w1,46,91,0.5054945054945055,-37.04878424527348,-0.4071294972008075,,128,results/zigzag_L10_w1_chi512_star.json,records[2],historical neutral-driver initialization; not remeasured,star:7103,1.8869701045518863e-06,0.00011651895459863226
variational,zigzag_L10_w1,46,91,0.5054945054945055,-37.04902110961107,-0.4071321001056161,,256,results/zigzag_L10_w1_chi512_star.json,records[3],historical neutral-driver initialization; not remeasured,star:7103,1.0568695152686347e-07,1.3351694207131004e-05
variational,zigzag_L10_w1,46,91,0.5054945054945055,-37.05241005756312,-0.40716934129190246,,256,results/zigzag_L10_w1_chi512_star.json,records[4],historical neutral-driver initialization; not remeasured,star:7103,1.638106003178375e-06,2.5118195878803817e-07
variational,zigzag_L10_w1,46,91,0.5054945054945055,-37.05860780393977,-0.4072374483949425,,512,results/zigzag_L10_w1_chi512_star.json,records[5],historical neutral-driver initialization; not remeasured,star:7103,3.957886439417413e-08,0.004638343220427998
variational,zigzag_L10_w1,46,91,0.5054945054945055,-37.06357494848462,-0.4072920324009299,,512,results/zigzag_L10_w1_chi512_star.json,records[6],historical neutral-driver initialization; not remeasured,star:7103,1.770681629165088e-07,2.0316982585200094e-07
variational,zigzag_L10_w1,46,91,0.5054945054945055,-37.03410284774211,-0.40696816316200124,,32,results/zigzag_L10_w1_chi512_star_projected0_seed7112.json,records[0],historical neutral-driver initialization; not remeasured,star:7112,0.0005421335509632223,1.6567721907279065e-05
variational,zigzag_L10_w1,46,91,0.5054945054945055,-37.04571337676347,-0.4070957513930052,,64,results/zigzag_L10_w1_chi512_star_projected0_seed7112.json,records[1],historical neutral-driver initialization; not remeasured,star:7112,1.1610771191451967e-05,1.3717209412789089e-07
variational,zigzag_L10_w1,46,91,0.5054945054945055,-37.05402125521378,-0.40718704676059103,,128,results/zigzag_L10_w1_chi512_star_projected0_seed7112.json,records[2],historical neutral-driver initialization; not remeasured,star:7112,2.3879819405382653e-06,1.5144834719649225e-08
variational,zigzag_L10_w1,46,91,0.5054945054945055,-37.06341412052664,-0.4072902650607323,,256,results/zigzag_L10_w1_chi512_star_projected0_seed7112.json,records[3],historical neutral-driver initialization; not remeasured,star:7112,2.7290813751977218e-06,3.866066940361179e-06
variational,zigzag_L10_w1,46,91,0.5054945054945055,-37.06357499045735,-0.40729203286216864,,512,results/zigzag_L10_w1_chi512_star_projected0_seed7112.json,records[4],historical neutral-driver initialization; not remeasured,star:7112,1.7614980216618617e-07,1.0733032240750617e-09
variational,zigzag_L2_w1,10,19,0.5263157894736842,-7.696030837109074,-0.4050542545846881,,32,results/zigzag_L2_w1_chi128_star.json,records[0],historical neutral-driver initialization; not remeasured,star:7103,8.84769943954993e-06,1.0688339102671307e-11
variational,zigzag_L2_w1,10,19,0.5263157894736842,-7.696107911195605,-0.4050583111155581,,64,results/zigzag_L2_w1_chi128_star.json,records[1],historical neutral-driver initialization; not remeasured,star:7103,1.0801554323852767e-07,6.321165813005791e-12
variational,zigzag_L2_w1,10,19,0.5263157894736842,-7.696107973777314,-0.4050583144093323,,128,results/zigzag_L2_w1_chi128_star.json,records[2],historical neutral-driver initialization; not remeasured,star:7103,9.980929764524382e-11,3.552713678800501e-15
variational,zigzag_L2_w1,10,19,0.5263157894736842,-7.696107978313739,-0.4050583146480915,,128,results/zigzag_L2_w1_chi128_star.json,records[3],historical neutral-driver initialization; not remeasured,star:7103,9.694969394898543e-12,5.329070518200751e-15
variational,zigzag_L4_w1,19,37,0.5135135135135135,-15.025139067859637,-0.4060848396718821,,32,results/zigzag_L4_w1_chi256_star.json,records[0],historical neutral-driver initialization; not remeasured,star:7103,9.211416343463882e-05,0.00012645296247626447
variational,zigzag_L4_w1,19,37,0.5135135135135135,-15.032087319216199,-0.40627263024908644,,64,results/zigzag_L4_w1_chi256_star.json,records[1],historical neutral-driver initialization; not remeasured,star:7103,3.773251821680129e-05,7.709653552367968e-05
variational,zigzag_L4_w1,19,37,0.5135135135135135,-15.032851783399673,-0.4062932914432344,,128,results/zigzag_L4_w1_chi256_star.json,records[2],historical neutral-driver initialization; not remeasured,star:7103,7.949052170656028e-07,1.5438768485864784e-08
variational,zigzag_L4_w1,19,37,0.5135135135135135,-15.032857299730349,-0.40629344053325267,,256,results/zigzag_L4_w1_chi256_star.json,records[3],historical neutral-driver initialization; not remeasured,star:7103,9.102463524876911e-09,1.148414696672262e-11
variational,zigzag_L4_w1,19,37,0.5135135135135135,-15.032857310815137,-0.4062934408328415,,256,results/zigzag_L4_w1_chi256_star.json,records[4],historical neutral-driver initialization; not remeasured,star:7103,4.0201376551924605e-10,1.1013412404281553e-13
variational,zigzag_L4_w1,18,37,0.4864864864864865,-15.032857310807989,-0.40629344083264834,,256,results/zigzag_L4_w1_chi256_star_charge_sectors_global_audit.json,records[0],explicit fixed sector,star:7202,7.645636283979953e-08,7.638334409421077e-14
variational,zigzag_L4_w1,17,37,0.4594594594594595,-15.03374761027698,-0.4063175029804589,,256,results/zigzag_L4_w1_chi256_star_charge_sectors_global_audit.json,records[1],explicit fixed sector,star:7201,6.624630772659484e-08,2.842170943040401e-14
variational,zigzag_L4_w1,16,37,0.43243243243243246,-15.012811150291977,-0.405751652710594,,256,results/zigzag_L4_w1_chi256_star_charge_sectors_global_audit.json,records[2],explicit fixed sector,star:7200,4.114767990791691e-08,2.1316282072803006e-14
variational,zigzag_L4_w1,15,37,0.40540540540540543,-15.006839449311085,-0.4055902553867861,,256,results/zigzag_L4_w1_chi256_star_charge_sectors_global_audit.json,records[3],explicit fixed sector,star:7199,6.875511166483249e-09,2.1316282072803006e-14
variational,zigzag_L4_w1,14,37,0.3783783783783784,-14.971813061302441,-0.4046435962514173,,256,results/zigzag_L4_w1_chi256_star_charge_sectors_global_audit.json,records[4],explicit fixed sector,star:7198,3.497035274772615e-10,3.907985046680551e-14
variational,zigzag_L4_w1,13,37,0.35135135135135137,-14.955721664469614,-0.4042086936343139,,256,results/zigzag_L4_w1_chi256_star_charge_sectors_global_audit.json,records[5],explicit fixed sector,star:7197,9.970445800429736e-12,4.796163466380676e-14
variational,zigzag_L4_w1,19,37,0.5135135135135135,-15.02556465447457,-0.4060963420128262,,32,results/zigzag_L4_w1_chi256_star_projected1_seed7214.json,records[0],historical neutral-driver initialization; not remeasured,star:7214,5.230006127707526e-05,3.270428745594245e-07
variational,zigzag_L4_w1,19,37,0.5135135135135135,-15.026586697745103,-0.4061239648039217,,64,results/zigzag_L4_w1_chi256_star_projected1_seed7214.json,records[1],historical neutral-driver initialization; not remeasured,star:7214,1.7373490093089357e-06,3.41617578669684e-09
variational,zigzag_L4_w1,19,37,0.5135135135135135,-15.032851811342729,-0.4062932921984521,,128,results/zigzag_L4_w1_chi256_star_projected1_seed7214.json,records[2],historical neutral-driver initialization; not remeasured,star:7214,4.272277191064964e-07,2.2399664345584824e-09
variational,zigzag_L4_w1,19,37,0.5135135135135135,-15.032857311657496,-0.406293440855608,,256,results/zigzag_L4_w1_chi256_star_projected1_seed7214.json,records[3],historical neutral-driver initialization; not remeasured,star:7214,4.117179125256836e-10,4.440892098500626e-14
variational,zigzag_L4_w1,19,37,0.5135135135135135,-15.025311684728358,-0.40608950499265833,,32,results/zigzag_L4_w1_chi256_star_seed7104.json,records[0],historical neutral-driver initialization; not remeasured,star:7104,9.606150491750104e-05,0.00010636668921648607
variational,zigzag_L4_w1,19,37,0.5135135135135135,-15.03204463619684,-0.4062714766539687,,64,results/zigzag_L4_w1_chi256_star_seed7104.json,records[1],historical neutral-driver initialization; not remeasured,star:7104,3.834270400525168e-05,0.00013825061118311055
variational,zigzag_L4_w1,19,37,0.5135135135135135,-15.03285178372851,-0.4062932914521219,,128,results/zigzag_L4_w1_chi256_star_seed7104.json,records[2],historical neutral-driver initialization; not remeasured,star:7104,8.082902712346286e-07,1.6490400156499163e-08
variational,zigzag_L4_w1,19,37,0.5135135135135135,-15.032857299815088,-0.40629344053554295,,256,results/zigzag_L4_w1_chi256_star_seed7104.json,records[3],historical neutral-driver initialization; not remeasured,star:7104,9.111562749865078e-09,7.402078949780844e-12
variational,zigzag_L4_w1,19,37,0.5135135135135135,-15.032857310815118,-0.406293440832841,,256,results/zigzag_L4_w1_chi256_star_seed7104.json,records[4],historical neutral-driver initialization; not remeasured,star:7104,4.0201276361043635e-10,7.815970093361102e-14
variational,zigzag_L4_w1,19,37,0.5135135135135135,-15.008814080945196,-0.4056436238093296,,32,results/zigzag_L4_w1_chi256_star_seed7105.json,records[0],historical neutral-driver initialization; not remeasured,star:7105,0.00010127499877872233,0.00045498601278737283
variational,zigzag_L4_w1,19,37,0.5135135135135135,-15.009871457633878,-0.40567220155767236,,64,results/zigzag_L4_w1_chi256_star_seed7105.json,records[1],historical neutral-driver initialization; not remeasured,star:7105,1.167345890912626e-06,8.643159077337259e-09
variational,zigzag_L4_w1,19,37,0.5135135135135135,-15.009884464695718,-0.40567255309988426,,128,results/zigzag_L4_w1_chi256_star_seed7105.json,records[2],historical neutral-driver initialization; not remeasured,star:7105,1.5018217367876602e-08,4.7986503659558366e-11
variational,zigzag_L4_w1,19,37,0.5135135135135135,-15.009884511069645,-0.4056725543532336,,256,results/zigzag_L4_w1_chi256_star_seed7105.json,records[3],historical neutral-driver initialization; not remeasured,star:7105,9.99653184291212e-11,2.382094521635736e-12
variational,zigzag_L4_w1,19,37,0.5135135135135135,-15.009884526181192,-0.40567255476165387,,256,results/zigzag_L4_w1_chi256_star_seed7105.json,records[4],historical neutral-driver initialization; not remeasured,star:7105,9.973875522867398e-12,9.414691248821327e-14
variational,zigzag_L4_w1,19,37,0.5135135135135135,-15.025139067859637,-0.4060848396718821,,32,results/zigzag_L4_w1_chi512_star.json,records[0],historical neutral-driver initialization; not remeasured,star:7103,9.211416343463882e-05,0.00012645296247626447
variational,zigzag_L4_w1,19,37,0.5135135135135135,-15.032087319216199,-0.40627263024908644,,64,results/zigzag_L4_w1_chi512_star.json,records[1],historical neutral-driver initialization; not remeasured,star:7103,3.773251821680129e-05,7.709653552367968e-05
variational,zigzag_L4_w1,19,37,0.5135135135135135,-15.032851783399673,-0.4062932914432344,,128,results/zigzag_L4_w1_chi512_star.json,records[2],historical neutral-driver initialization; not remeasured,star:7103,7.949052170656028e-07,1.5438768485864784e-08
variational,zigzag_L4_w1,19,37,0.5135135135135135,-15.032857299730349,-0.40629344053325267,,256,results/zigzag_L4_w1_chi512_star.json,records[3],historical neutral-driver initialization; not remeasured,star:7103,9.102463524876911e-09,1.148414696672262e-11
variational,zigzag_L4_w1,19,37,0.5135135135135135,-15.032857310815137,-0.4062934408328415,,256,results/zigzag_L4_w1_chi512_star.json,records[4],historical neutral-driver initialization; not remeasured,star:7103,4.0201376551924605e-10,1.1013412404281553e-13
variational,zigzag_L4_w1,19,37,0.5135135135135135,-15.03285731990307,-0.4062934410784613,,512,results/zigzag_L4_w1_chi512_star.json,records[5],historical neutral-driver initialization; not remeasured,star:7103,9.998688834031537e-12,3.375077994860476e-14
variational,zigzag_L4_w1,19,37,0.5135135135135135,-15.032857319903046,-0.4062934410784607,,512,results/zigzag_L4_w1_chi512_star.json,records[6],historical neutral-driver initialization; not remeasured,star:7103,9.99091334869146e-12,2.4868995751603507e-14
variational,zigzag_L4_w1,19,37,0.5135135135135135,-15.025595543965766,-0.4060971768639396,,32,results/zigzag_L4_w1_chi512_star_projected0_seed7112.json,records[0],historical neutral-driver initialization; not remeasured,star:7112,5.117076386286916e-05,7.303768789768128e-08
variational,zigzag_L4_w1,19,37,0.5135135135135135,-15.02658649261604,-0.406123959259893,,64,results/zigzag_L4_w1_chi512_star_projected0_seed7112.json,records[1],historical neutral-driver initialization; not remeasured,star:7112,1.7431374717414323e-06,1.6674288616513877e-09
variational,zigzag_L4_w1,19,37,0.5135135135135135,-15.03285181064536,-0.4062932921796043,,128,results/zigzag_L4_w1_chi512_star_projected0_seed7112.json,records[2],historical neutral-driver initialization; not remeasured,star:7112,3.644846443930329e-07,1.3757814443238203e-08
variational,zigzag_L4_w1,19,37,0.5135135135135135,-15.032857311657565,-0.40629344085560987,,256,results/zigzag_L4_w1_chi512_star_projected0_seed7112.json,records[3],historical neutral-driver initialization; not remeasured,star:7112,4.1172242847119153e-10,1.9539925233402755e-14
variational,zigzag_L4_w1,19,37,0.5135135135135135,-15.032857321463817,-0.4062934411206437,,512,results/zigzag_L4_w1_chi512_star_projected0_seed7112.json,records[4],historical neutral-driver initialization; not remeasured,star:7112,9.991332087631452e-13,2.6645352591003757e-14
variational,zigzag_L4_w2,37,74,0.5,-29.529316749498413,-0.39904482093916777,,32,results/zigzag_L4_w2_chi256_star.json,records[0],saved checkpoint QN measurement,star:7103,0.005501850269447427,0.0009833246701163034
variational,zigzag_L4_w2,37,74,0.5,-29.72930701662622,-0.4017473921165705,,64,results/zigzag_L4_w2_chi256_star.json,records[1],saved checkpoint QN measurement,star:7103,0.0010010158366905986,0.00025652094903705347
variational,zigzag_L4_w2,37,74,0.5,-29.84050817132548,-0.4032501104233173,,128,results/zigzag_L4_w2_chi256_star.json,records[2],saved checkpoint QN measurement,star:7103,0.0008644632371159498,0.0014971495095572607
variational,zigzag_L4_w2,37,74,0.5,-29.903771333919554,-0.4041050180259399,,256,results/zigzag_L4_w2_chi256_star.json,records[3],saved checkpoint QN measurement,star:7103,0.00041540990090833404,0.000511174325527719
variational,zigzag_L4_w2,37,74,0.5,-29.90430662518436,-0.4041122516916806,,256,results/zigzag_L4_w2_chi256_star.json,records[4],saved checkpoint QN measurement,star:7103,0.00042716174910530764,2.053111072086722e-05
variational,zigzag_L4_w2,36,74,0.4864864864864865,-29.907741464263353,-0.40415866843599124,,256,results/zigzag_L4_w2_chi256_star_charge_sectors_global_audit.json,records[0],explicit fixed sector,star:7202,0.00035553409611301757,6.5914203872807775e-06
variational,zigzag_L4_w2,35,74,0.47297297297297297,-29.887890452482438,-0.40389041152003297,,256,results/zigzag_L4_w2_chi256_star_charge_sectors_global_audit.json,records[1],explicit fixed sector,star:7201,0.00043959198297001737,0.00284895336972113
variational,zigzag_L4_w2,34,74,0.4594594594594595,-29.880877913089456,-0.40379564747418184,,256,results/zigzag_L4_w2_chi256_star_charge_sectors_global_audit.json,records[2],explicit fixed sector,star:7200,0.0004760810283315977,1.2455915481268676e-05
variational,zigzag_L4_w2,33,74,0.44594594594594594,-29.88902516357453,-0.4039057454537099,,256,results/zigzag_L4_w2_chi256_star_charge_sectors_global_audit.json,records[3],explicit fixed sector,star:7199,0.00036471249625268933,0.0013230380179294343
variational,zigzag_L4_w2,32,74,0.43243243243243246,-29.89638720645677,-0.40400523251968606,,256,results/zigzag_L4_w2_chi256_star_charge_sectors_global_audit.json,records[4],explicit fixed sector,star:7198,0.00017502348965645154,9.71537477667539e-05
variational,zigzag_L4_w2,31,74,0.4189189189189189,-29.8574569121206,-0.4034791474610892,,256,results/zigzag_L4_w2_chi256_star_charge_sectors_global_audit.json,records[5],explicit fixed sector,star:7197,2.183364498719972e-05,1.0400167067103894e-05
variational,zigzag_L4_w2,30,74,0.40540540540540543,-29.864525044757034,-0.40357466276698695,,256,results/zigzag_L4_w2_chi256_star_charge_sectors_global_audit.json,records[6],explicit fixed sector,star:7196,8.649067664710186e-06,2.2754942818892232e-08
variational,zigzag_L4_w2,29,74,0.3918918918918919,-29.878324939102047,-0.4037611478257033,,256,results/zigzag_L4_w2_chi256_star_charge_sectors_global_audit.json,records[7],explicit fixed sector,star:7195,4.291446103333948e-06,5.40777886470778e-07
variational,zigzag_L4_w2,37,74,0.5,-29.529316749498413,-0.39904482093916777,,32,results/zigzag_L4_w2_chi512_star.json,records[0],saved checkpoint QN measurement,star:7103,0.005501850269447427,0.0009833246701163034
variational,zigzag_L4_w2,37,74,0.5,-29.72930701662622,-0.4017473921165705,,64,results/zigzag_L4_w2_chi512_star.json,records[1],saved checkpoint QN measurement,star:7103,0.0010010158366905986,0.00025652094903705347
variational,zigzag_L4_w2,37,74,0.5,-29.84050817132548,-0.4032501104233173,,128,results/zigzag_L4_w2_chi512_star.json,records[2],saved checkpoint QN measurement,star:7103,0.0008644632371159498,0.0014971495095572607
variational,zigzag_L4_w2,37,74,0.5,-29.903771333919554,-0.4041050180259399,,256,results/zigzag_L4_w2_chi512_star.json,records[3],saved checkpoint QN measurement,star:7103,0.00041540990090833404,0.000511174325527719
variational,zigzag_L4_w2,37,74,0.5,-29.90430662518436,-0.4041122516916806,,256,results/zigzag_L4_w2_chi512_star.json,records[4],saved checkpoint QN measurement,star:7103,0.00042716174910530764,2.053111072086722e-05
variational,zigzag_L4_w2,37,74,0.5,-29.935101452679014,-0.40452839800917584,,512,results/zigzag_L4_w2_chi512_star.json,records[5],saved checkpoint QN measurement,star:7103,0.00030025949455044225,2.9937731664375633e-05
variational,zigzag_L4_w2,37,74,0.5,-29.93513695620704,-0.4045288777865816,,512,results/zigzag_L4_w2_chi512_star.json,records[6],saved checkpoint QN measurement,star:7103,0.00030628451031686926,2.7808369118531573e-06
variational,zigzag_L4_w3,56,111,0.5045045045045045,-42.62728634196734,-0.38402960668439046,,32,results/zigzag_L4_w3_chi256_star.json,records[0],saved checkpoint QN measurement,star:7103,0.0035414311407876782,0.0527000673347402
variational,zigzag_L4_w3,56,111,0.5045045045045045,-43.75833850596968,-0.3942192658195467,,64,results/zigzag_L4_w3_chi256_star.json,records[1],saved checkpoint QN measurement,star:7103,0.001637184996440175,0.0012168452059810875
variational,zigzag_L4_w3,56,111,0.5045045045045045,-44.50065073572314,-0.40090676338489317,,128,results/zigzag_L4_w3_chi256_star.json,records[2],saved checkpoint QN measurement,star:7103,0.00034540468827357914,0.01628011911580529
variational,zigzag_L4_w3,56,111,0.5045045045045045,-44.705963742203615,-0.4027564301099425,,256,results/zigzag_L4_w3_chi256_star.json,records[3],saved checkpoint QN measurement,star:7103,0.000271492811192943,0.001005906608014584
variational,zigzag_L4_w3,56,111,0.5045045045045045,-44.709036665857326,-0.40278411410682274,,256,results/zigzag_L4_w3_chi256_star.json,records[4],saved checkpoint QN measurement,star:7103,0.00028516788425154115,0.0002368948637965218
variational,zigzag_L4_w3,56,111,0.5045045045045045,-42.62728634196734,-0.38402960668439046,,32,results/zigzag_L4_w3_chi512_star.json,records[0],saved checkpoint QN measurement,star:7103,0.0035414311407876782,0.0527000673347402
variational,zigzag_L4_w3,56,111,0.5045045045045045,-43.75833850596968,-0.3942192658195467,,64,results/zigzag_L4_w3_chi512_star.json,records[1],saved checkpoint QN measurement,star:7103,0.001637184996440175,0.0012168452059810875
variational,zigzag_L4_w3,56,111,0.5045045045045045,-44.50065073572314,-0.40090676338489317,,128,results/zigzag_L4_w3_chi512_star.json,records[2],saved checkpoint QN measurement,star:7103,0.00034540468827357914,0.01628011911580529
variational,zigzag_L4_w3,56,111,0.5045045045045045,-44.705963742203615,-0.4027564301099425,,256,results/zigzag_L4_w3_chi512_star.json,records[3],saved checkpoint QN measurement,star:7103,0.000271492811192943,0.001005906608014584
variational,zigzag_L4_w3,56,111,0.5045045045045045,-44.709036665857326,-0.40278411410682274,,256,results/zigzag_L4_w3_chi512_star.json,records[4],saved checkpoint QN measurement,star:7103,0.00028516788425154115,0.0002368948637965218
variational,zigzag_L4_w3,56,111,0.5045045045045045,-44.76583964664972,-0.40329585267252,,512,results/zigzag_L4_w3_chi512_star.json,records[5],saved checkpoint QN measurement,star:7103,5.844097008194965e-05,0.0005349968433208119
variational,zigzag_L4_w3,56,111,0.5045045045045045,-44.773392928298264,-0.40336390025493934,,512,results/zigzag_L4_w3_chi512_star.json,records[6],saved checkpoint QN measurement,star:7103,9.647412144371703e-05,0.0025151642477894143
variational,zigzag_L4_w4,74,148,0.5,-55.97234511760284,-0.3781915210648841,,32,results/zigzag_L4_w4_chi256_star.json,records[0],historical neutral-driver initialization; not remeasured,star:7103,0.008502735269089375,0.006086255875757729
variational,zigzag_L4_w4,74,148,0.5,-57.20942987481647,-0.38655020185686806,,64,results/zigzag_L4_w4_chi256_star.json,records[1],historical neutral-driver initialization; not remeasured,star:7103,0.0009480498505929261,0.0020999373959753598
variational,zigzag_L4_w4,74,148,0.5,-58.23173837374561,-0.39345769171449735,,128,results/zigzag_L4_w4_chi256_star.json,records[2],historical neutral-driver initialization; not remeasured,star:7103,0.0002701898548008999,0.0015041479887827336
variational,zigzag_L4_w4,74,148,0.5,-59.04812733631045,-0.398973833353449,,256,results/zigzag_L4_w4_chi256_star.json,records[3],historical neutral-driver initialization; not remeasured,star:7103,0.00022176553110936145,0.002776020763583631
variational,zigzag_L4_w4,74,148,0.5,-59.067729040349704,-0.39910627729966014,,256,results/zigzag_L4_w4_chi256_star.json,records[4],historical neutral-driver initialization; not remeasured,star:7103,0.00027294704672264447,0.0005630306224304604
variational,zigzag_L6_w1,28,55,0.509090909090909,-22.313043533919977,-0.4056917006167269,,32,results/zigzag_L6_w1_chi256_star.json,records[0],historical neutral-driver initialization; not remeasured,star:7103,8.999000724240337e-05,0.00023977452346102268
variational,zigzag_L6_w1,28,55,0.509090909090909,-22.34600505942874,-0.4062910010805226,,64,results/zigzag_L6_w1_chi256_star.json,records[1],historical neutral-driver initialization; not remeasured,star:7103,7.197953991490142e-06,2.1008881745387953e-06
variational,zigzag_L6_w1,28,55,0.509090909090909,-22.346503114817942,-0.4063000566330535,,128,results/zigzag_L6_w1_chi256_star.json,records[2],historical neutral-driver initialization; not remeasured,star:7103,3.1105478924526366e-07,0.0003971996101412856
variational,zigzag_L6_w1,28,55,0.509090909090909,-22.373223954839442,-0.4067858900879899,,256,results/zigzag_L6_w1_chi256_star.json,records[3],historical neutral-driver initialization; not remeasured,star:7103,1.6377603344874372e-07,0.0038535650043414194
variational,zigzag_L6_w1,28,55,0.509090909090909,-22.37818448757805,-0.4068760815923282,,256,results/zigzag_L6_w1_chi256_star.json,records[4],historical neutral-driver initialization; not remeasured,star:7103,5.029655553155127e-07,3.484570409995058e-06
variational,zigzag_L6_w1,28,55,0.509090909090909,-22.343629654962857,-0.4062478119084156,,32,results/zigzag_L6_w1_chi512_star_projected0_seed7112.json,records[0],historical neutral-driver initialization; not remeasured,star:7112,8.143954585621409e-05,5.034698499883916e-06
variational,zigzag_L6_w1,28,55,0.509090909090909,-22.34600144784127,-0.4062909354152958,,64,results/zigzag_L6_w1_chi512_star_projected0_seed7112.json,records[1],historical neutral-driver initialization; not remeasured,star:7112,4.453074457503487e-06,1.6394928081808757e-08
variational,zigzag_L6_w1,28,55,0.509090909090909,-22.346095996980136,-0.4062926544905479,,128,results/zigzag_L6_w1_chi512_star_projected0_seed7112.json,records[2],historical neutral-driver initialization; not remeasured,star:7112,5.5778751757680047e-08,4.163780431554187e-12
variational,zigzag_L6_w1,28,55,0.509090909090909,-22.36669202152452,-0.4066671276640822,,256,results/zigzag_L6_w1_chi512_star_projected0_seed7112.json,records[3],historical neutral-driver initialization; not remeasured,star:7112,1.1878345205075122e-07,0.019650603078048334
variational,zigzag_L6_w1,28,55,0.509090909090909,-22.37801737284202,-0.40687304314258216,,512,results/zigzag_L6_w1_chi512_star_projected0_seed7112.json,records[4],historical neutral-driver initialization; not remeasured,star:7112,2.357948966785494e-08,0.0005998744272943668
variational,zigzag_L6_w1,28,55,0.509090909090909,-22.343629654962857,-0.4062478119084156,,32,results/zigzag_L6_w1_chi512_star_seed7112.json,records[0],historical neutral-driver initialization; not remeasured,star:7112,8.143954585621409e-05,5.034698499883916e-06
variational,zigzag_L6_w1,28,55,0.509090909090909,-22.34600144784127,-0.4062909354152958,,64,results/zigzag_L6_w1_chi512_star_seed7112.json,records[1],historical neutral-driver initialization; not remeasured,star:7112,4.453074457503487e-06,1.6394928081808757e-08
variational,zigzag_L6_w1,28,55,0.509090909090909,-22.346095996980136,-0.4062926544905479,,128,results/zigzag_L6_w1_chi512_star_seed7112.json,records[2],historical neutral-driver initialization; not remeasured,star:7112,5.5778751757680047e-08,4.163780431554187e-12
variational,zigzag_L6_w1,28,55,0.509090909090909,-22.36669202152452,-0.4066671276640822,,256,results/zigzag_L6_w1_chi512_star_seed7112.json,records[3],historical neutral-driver initialization; not remeasured,star:7112,1.1878345205075122e-07,0.019650603078048334
variational,zigzag_L6_w1,28,55,0.509090909090909,-22.37801737284202,-0.40687304314258216,,512,results/zigzag_L6_w1_chi512_star_seed7112.json,records[4],historical neutral-driver initialization; not remeasured,star:7112,2.357948966785494e-08,0.0005998744272943668
variational,zigzag_L6_w1,28,55,0.509090909090909,-22.37819535351505,-0.4068762791548191,,512,results/zigzag_L6_w1_chi512_star_seed7112.json,records[5],historical neutral-driver initialization; not remeasured,star:7112,6.4624832081652094e-09,1.1037180058792728e-09
variational,zigzag_L6_w1,28,55,0.509090909090909,-22.37819535397228,-0.40687627916313235,,512,results/zigzag_L6_w1_chi512_star_seed7112.json,records[6],historical neutral-driver initialization; not remeasured,star:7112,1.9152660714400158e-09,1.0231815394945443e-12
variational,zigzag_L6_w2,55,110,0.5,-43.83386604944048,-0.39848969135854984,,32,results/zigzag_L6_w2_chi128_star.json,records[0],historical neutral-driver initialization; not remeasured,star:7103,0.004917804521876703,0.019008597890625367
variational,zigzag_L6_w2,55,110,0.5,-44.198411342993666,-0.40180373948176057,,64,results/zigzag_L6_w2_chi128_star.json,records[1],historical neutral-driver initialization; not remeasured,star:7103,0.00125786796032141,0.0005605915958852847
variational,zigzag_L6_w2,55,110,0.5,-44.384139325069796,-0.4034921756824527,,128,results/zigzag_L6_w2_chi128_star.json,records[2],historical neutral-driver initialization; not remeasured,star:7103,0.0007163407751648026,0.0014255089370323049
variational,zigzag_L6_w2,55,110,0.5,-44.386244472224966,-0.4035113133838633,,128,results/zigzag_L6_w2_chi128_star.json,records[3],historical neutral-driver initialization; not remeasured,star:7103,0.0007086367727673666,0.0005015338193956609
variational,zigzag_L6_w2,55,110,0.5,-43.83386604944048,-0.39848969135854984,,32,results/zigzag_L6_w2_chi256_star.json,records[0],saved checkpoint QN measurement,star:7103,0.004917804521876703,0.019008597890625367
variational,zigzag_L6_w2,55,110,0.5,-44.198411342993666,-0.40180373948176057,,64,results/zigzag_L6_w2_chi256_star.json,records[1],saved checkpoint QN measurement,star:7103,0.00125786796032141,0.0005605915958852847
variational,zigzag_L6_w2,55,110,0.5,-44.384139325069796,-0.4034921756824527,,128,results/zigzag_L6_w2_chi256_star.json,records[2],saved checkpoint QN measurement,star:7103,0.0007163407751648026,0.0014255089370323049
variational,zigzag_L6_w2,55,110,0.5,-44.386244472224966,-0.4035113133838633,,128,results/zigzag_L6_w2_chi256_star.json,records[3],saved checkpoint QN measurement,star:7103,0.0007086367727673666,0.0005015338193956609
variational,zigzag_L6_w2,55,110,0.5,-44.48487830205448,-0.4044079845641317,,256,results/zigzag_L6_w2_chi256_star.json,records[4],saved checkpoint QN measurement,star:7103,0.00037544878943800755,0.003267205620012703
variational,zigzag_L6_w2,55,110,0.5,-44.486723744966305,-0.4044247613178755,,256,results/zigzag_L6_w2_chi256_star.json,records[5],saved checkpoint QN measurement,star:7103,0.0003491039540508376,0.00018924728792057977
variational,zigzag_L6_w2,54,110,0.4909090909090909,-44.49948876864912,-0.40454080698771927,,256,results/zigzag_L6_w2_chi256_star_charge_sectors_global_audit.json,records[0],explicit fixed sector,star:7202,0.0003728933330741767,0.00018030720276840384
variational,zigzag_L6_w2,53,110,0.4818181818181818,-44.4928897022466,-0.4044808154749691,,256,results/zigzag_L6_w2_chi256_star_charge_sectors_global_audit.json,records[1],explicit fixed sector,star:7201,0.0002734823634867026,3.085231556099188e-05
variational,zigzag_L6_w2,52,110,0.4727272727272727,-44.48960987940065,-0.4044509989036423,,256,results/zigzag_L6_w2_chi256_star_charge_sectors_global_audit.json,records[2],explicit fixed sector,star:7200,0.00030984164395187705,0.00021156492713458874
variational,zigzag_L6_w2,51,110,0.4636363636363636,-44.48624320710638,-0.40442039279187614,,256,results/zigzag_L6_w2_chi256_star_charge_sectors_global_audit.json,records[3],explicit fixed sector,star:7199,0.00037064111359535703,0.00019128831302595017
variational,zigzag_L6_w2,50,110,0.45454545454545453,-44.50242012624812,-0.4045674556931647,,256,results/zigzag_L6_w2_chi256_star_charge_sectors_global_audit.json,records[4],explicit fixed sector,star:7198,0.00021494972904099782,2.2321954517678932e-05
variational,zigzag_L6_w2,49,110,0.44545454545454544,-44.49654709245501,-0.4045140644768637,,256,results/zigzag_L6_w2_chi256_star_charge_sectors_global_audit.json,records[5],explicit fixed sector,star:7197,0.00018076321642742575,7.114872343549905e-05
variational,zigzag_L6_w2,48,110,0.43636363636363634,-44.471944083009504,-0.40429040075463185,,256,results/zigzag_L6_w2_chi256_star_charge_sectors_global_audit.json,records[6],explicit fixed sector,star:7196,0.00017089245178121586,4.9374978345895215e-06
variational,zigzag_L6_w2,47,110,0.42727272727272725,-44.47908253506459,-0.40435529577331447,,256,results/zigzag_L6_w2_chi256_star_charge_sectors_global_audit.json,records[7],explicit fixed sector,star:7195,0.00017105786022531298,2.621772473787587e-06
variational,zigzag_L6_w3,83,165,0.503030303030303,-63.45830841822643,-0.3845958085953117,,32,results/zigzag_L6_w3_chi256_star.json,records[0],saved checkpoint QN measurement,star:7103,0.005155164355547743,0.026191721315427685
variational,zigzag_L6_w3,83,165,0.503030303030303,-64.60298506922348,-0.39153324284377866,,64,results/zigzag_L6_w3_chi256_star.json,records[1],saved checkpoint QN measurement,star:7103,0.0006081638254380609,0.0005889643921932475
variational,zigzag_L6_w3,83,165,0.503030303030303,-66.11298806996452,-0.40068477618160314,,128,results/zigzag_L6_w3_chi256_star.json,records[2],saved checkpoint QN measurement,star:7103,0.0003130788132454986,0.023489707838677987
variational,zigzag_L6_w3,83,165,0.503030303030303,-66.4590725769925,-0.40278225804237877,,256,results/zigzag_L6_w3_chi256_star.json,records[3],saved checkpoint QN measurement,star:7103,0.0003453743598938782,0.0017919489038575875
variational,zigzag_L6_w3,83,165,0.503030303030303,-66.46386091913702,-0.4028112782978001,,256,results/zigzag_L6_w3_chi256_star.json,records[4],saved checkpoint QN measurement,star:7103,0.00037867873513702544,0.00042748160751671094
variational,zigzag_L8_w2,73,146,0.5,-58.1190674179419,-0.39807580423247874,,32,results/zigzag_L8_w2_chi256_star.json,records[0],historical neutral-driver initialization; not remeasured,star:7103,0.0038558201085409703,0.013543533632415006
variational,zigzag_L8_w2,73,146,0.5,-58.70869718417202,-0.4021143642751508,,64,results/zigzag_L8_w2_chi256_star.json,records[1],historical neutral-driver initialization; not remeasured,star:7103,0.0008668572127814836,0.0015545841708117791
variational,zigzag_L8_w2,73,146,0.5,-58.93238167194253,-0.40364644980782555,,128,results/zigzag_L8_w2_chi256_star.json,records[2],historical neutral-driver initialization; not remeasured,star:7103,0.0006807065896630204,0.005263655483382479
variational,zigzag_L8_w2,73,146,0.5,-59.09423197707175,-0.4047550135415873,,256,results/zigzag_L8_w2_chi256_star.json,records[3],historical neutral-driver initialization; not remeasured,star:7103,0.0003671003547537921,0.001267195895401585
variational,zigzag_L8_w2,73,146,0.5,-59.09715637960307,-0.40477504369591144,,256,results/zigzag_L8_w2_chi256_star.json,records[4],historical neutral-driver initialization; not remeasured,star:7103,0.00041829013855910016,4.563437293114703e-05
